Snail_IDs,GeneName,
Cnem103716-RA_True_0,NA,GGLVGGLLGEGGLVGGLLGDK;IVAGLLGGDK;RIVAGLLGGDK
Cnem036255-RA_True_15,NA,ADILSGLIK;TMVGVIGSLTK;TVVTLVGGLVK
Cnem063996-RA_True_0,NA,ADILTGLIK;GLEGKTTEPEIYAEFR;TLVGLIGSLTK;TTEPEIYAEFR;TTEPEIYAEFRK;TVVGLVTSIVK
Cnem027017-RA_True_0,Matn2:MATN1:MATN2:Matn1:MATN1:MATN4:mup-4:COL6A6:mua-3:Col6a6,AGSVINPENANK;FGGLLFATDVNELFR;FKLQQQFVSK;LNTYTSR;LQQQFVSK;LTHHFVVGDK;TDVTTSLLNAPYGEGGTNTHIGINYILNNNLFAPVNGGR;TSAPDYVVVVTDGASSR;TSAPDYVVVVTDGASSRPEETK
Cnem155106-RA_True_0,#N/A,ATVSGDVSNK;DLTATGFK;DSDTWGEK;ERETVVEVR;FSNPYAR;IALLATPTTISPGVTPELK;IALLATPTTISPGVTPELKVR;IAYGQAATGGFSTER;NPQVVVSPVVLDVDK;NPQVVVSPVVLDVDKLWNLR;TVDGSVEK;VGIKDLTATGFK;VGYLQVTWPSPR;VNSIIIR;YNCDIAALSTAGTSIK
Cnem027019-RA_True_0,COL6A5:Col6a5:Col6a6:COL22A1:COL14A1:Col6a4:COL6A6:MATN4:COL21A1:Col14a1,AATSNAAATLR;DFAILLTEHFNIGPSDVR;DIIEGGLNLGK;EFEMERDFAILLTEHFNIGPSDVR;FGAITFSDR;IISVGIGAGLGFGLGSELTSIASGSEYVYSADGFNSLNR;IVVVLTDGNSDNR;QGLINSAYVGGGTK;TFIEAGKDIIEGGLNLGK;TYLALDYIR;VNNLFSILYGGR;VNNLFSILYGGREK;VYLNFHLGTHAGNAAVK
Cnem080314-RA_True_319,C1QTNF6:C1qtnf2:C1QTNF2:MMRN2:Mmrn2,AAGIFRVPR;EDSTLLGEK;ELTLDLFHNDK;GPADVFGLPDK;LVKGDEVSVK;NGLYVFNVHGK;TRGPADVFGLPDK;YTHIYTNHGGAYSR;YVITASTGDASNSYSAANSVVIR
Cnem036262-RA_True_0,NA,DMNAEFAK
Cnem045890-RA_True_0,COL6A5:COL22A1:Col6a5:COL14A1:MATN4:COL6A3:COL6A6:MATN1:Col14a1:Col6a6,DFAILLTEHFNIGPNDVR;DIIEGGLDIGK;IGAITFSDR;IISVGIGAGLGFGLGSELTSIASGSEYVYSADGFNSLNR;IVVVLTDGNSDNR;QGLINSAYVGGGTK;TYLALDYIR;VATSNAAAAMR;VNNLFSILYGGR;VNNLFSILYGGRDK;VYLNFHLGTHTGNAAVK
Cnem052555-RA_True_13,#N/A:#N/A:KLH2:KLH1:#N/A:ODHCY:#N/A:#N/A:#N/A:#N/A,LFRYDVTDVFHK;YDVTDVFHK
Cnem062623-RA_True_0,Col6a4:COL6A5:COL14A1:Col14a1:COL6A3,CPAIADIIVLLDTSSSMSK;ESFNLGSYSSNEAVK;FGAVTFSDK;GYHPYHGPPR;NFAIMLTEHFNVASGGVR;NTAYLTGGTK;TYLALDYIR;TYLALDYIRVNK;YIASGSNFVFSADNFQSLTR
Cnem105478-RA_True_0,COL21A1:COL22A1:#N/A:COL14A1:Matn2:MATN2:cut-6:col21a1:Col14a1:Col6a5,AGLYTDTGK;DEELLNIAGDESR;EEVLEAVSR;FDIGSGEEGVR;FLGEFLDR;FLGEFLDRFDIGSGEEGVR;ISIVITDGNSQEWK;NAGITMFAVGVGSGVR;VDNYSQLDSIK;VSVITYGR;VTRVDNYSQLDSIK;YMSEVQLAPSVVR
A0A345S6Z0,NA,AGFAGDDAPR;AVFPSIVGR;AVFPSIVGRPR;DLTDYLMK;DLYANIVLSGGSTMFPGIADR;DSYVGDEAQSK;EISALAPATMK;GYSFTTTAER;IIAPPERK;IWHHTFYNELR;LDLAGRDLTDYLMK;SYELPDGQVITIGNER;TTGIVLDSGDGVTHTVPIYEGYALPHAIMR;VAPEEHPVLLTEAPLNPK
Cnem125174-RA_True_0,NA,AGFAGDDAPR;AVFPSIVGR;AVFPSIVGRPR;DLTDYLMK;DLYANIVLSGGSTMFPGIADR;DSYVGDEAQSK;EISALAPATMK;GYSFTTTAER;IIAPPERK;IWHHTFYNELR;LDLAGRDLTDYLMK;SYELPDGQVITIGNER;TTGIVLDSGDGVTHTVPIYEGYALPHAIMR;VAPEEHPVLLTEAPLNPK
Cnem170226-RA_True_0,NA,AGFAGDDAPR;AVFPSIVGR;AVFPSIVGRPR;DLTDYLMK;DLYANIVLSGGSTMFPGIADR;DSYVGDEAQSK;EISALAPATMK;GYSFTTTAER;IIAPPERK;IWHHTFYNELR;LDLAGRDLTDYLMK;SYELPDGQVITIGNER;TTGIVLDSGDGVTHTVPIYEGYALPHAIMR;VAPEEHPVLLTEAPLNPK
Cnem143326-RA_True_0,NA,AGFAGDDAPR;AVFPSIVGR;AVFPSIVGRPR;DLTDYLMK;DLYANIVLSGGSTMFPGIADR;DSYVGDEAQSK;EISALAPATMK;GYSFTTTAER;IIAPPERK;IWHHTFYNELR;LDLAGRDLTDYLMK;SYELPDGQVITIGNER;TTGIVLDSGDGVTHTVPIYEGYALPHAIMR;VAPEEHPVLLTEAPLNPK
Cnem052557-RA_True_0,KLH2:#N/A:KLH1:ODHCY:#N/A:#N/A:#N/A:#N/A:#N/A:#N/A,GSSVSIPYWDWAVPIR;LISEATYFNSR;LYKYEITEQLADLHLR;LYVEQVEHALLAR;PLVTAGSHVR;SAFLAIQEDHTYENIAAYHGK;YDDRYTIK;YEITEQLADLHLR
Cnem020084-RA_True_0,Tnr:TNR:TNR:Tnr:FCN3:TNXB:TNN:TNC:#N/A:Tnc,ADTLIQEQIDDLSATDNAITGEISGLQSK;ANADVDFNRPWADYK;ANADVDFNRPWADYKK;ANLDGIYGHATPDGIVWSTLGEDKPVTYLEVK;ASHVTTVVR;DEDEANTAAIAALR;DLRQDLNEK;DQVTENQISLLTANDAR;DYFAHYDTFSVGGEDSYYK;EADATFKTALEGISK;FEQEISALQR;GYSGDAGDSLSYHDGAGFSTR;IILFQHYIK;ISNTSAVYK;LAYIDLDK;LAYIDLDKPNLVIDSNR;LAYIDLDKPNLVIDSNRVK;LREADATFK;LTQAGALMR;NSQQYQQDVAGLR;NVQLLQQLSELNEK;PVTYLEVK;PWADYKK;RYDAVFGDAIQQLK;SDELLATEIAALQSNDVK;SLLEQITTLSQSDNNQASEIK;SLQEQVLAVSQK;TALEGISK;TNTAFDATILDLR;TNTAFDATILDLRR;VDLKVDGK;VETELNVR;VETELNVRK;YDAVFGDAIQQLK;YDAVFGDAIQQLKR
Cnem037471-RA_True_32,MATN2:Matn2:Cd93:MEGF6:Megf6:FBN1:Cd93:Megf6:FBN1:Fbn1,DGFAVDPNNK;SGFTISATNSAK
Cnem129081-RA_True_1330,NA,EAQVLEGFKPK;SVGEDLLGGYLLK
Cnem131938-RA_True_0,TUBB4B:#N/A:Tubb4b:tubb4:#N/A:tubb:TUBB:tubb1:TUBB4A:Tubb2b,AILVDLEPGTMDSVR;FPGQLNADLR;FPGQLNADLRK;GHYTEGAELVDSVLDVVR;GHYTEGAELVDSVLDVVRK;IMATFSVVPSPK;INVYYNEATGGK;LAVNMVPFPR;LHFFIPGFAPLTSR
Cnem052555-RA_True_107,KLH2:KLH1:#N/A:#N/A:#N/A:#N/A:ODHCY:#N/A:#N/A:#N/A,ALPPFLTDVSHDNPFSSYEIR;EANTDYLTLIIPIGAEK;EMPWTYEILFK;HNAIPELLFEHDNLGYEYDNLR;ISGYDVEQVNEILK;ISGYDVEQVNEILKK;IWDLWEGLQK;LFTVQFEQALK;NTHVEFLAVSEK;PLHPFDFPAINTIALTR;QHGSIVGIPYWDWTAPGR;SVNSLTLGEASNLK;TVNYDGTLIEEASEYGIIVVR;YDITDAVHK;YNYPIENLVSLTSLNR
Cnem102509-RA_True_0,Aldh3b1:Aldh3b1:ALDH3A2:ALDH3B1:ALDH3A2:ALDH3A2:Aldh3a2:Aldh3b2:Aldh3b3:ALDH3B1,AAAENLTPVVLELGGK;DAIIAIEGEDDEK;DHLEAIEIINNR;EKPLALYVFTNNK;ERFDLIFYTGNSSVGK;FDLIFYTGNSSVGK;FFEEYIPK;GAIYLMDSAYIMK;HSFDAFSHNKPVLEK;LIQENEVQIAEVLNK;LTDPVMQDEIFGPILPIVTVK;NVDIGVVAR;PLALYVFTNNK;SPVYVDRNVDIGVVAR;TLALDSVNNLR;TVIDDFYTQDPK;VVTGGVPQTTALLK;YISPTVLR;YLDPDSFR
Cnem070118-RA_True_0,TUB2:TUBA1A:TUBA1D:Tuba3a:alphaTub84B:#N/A:TUBA3:#N/A:TUBA1C:TUBA1C,AFVHWYVGEGMEEGEFSEAR;AVFVDLEPTVVDEIR;DVNAAIATIK;DYEEVGIDSVEGEEEGAADEY;EIVDLVLDR;FDGALNVDLTEFQTNLVPYPR;GHYTIGK;IHFPLATYAPVISAEK;LDHKFDLMYAK;LIGQIVSSITASLR;LSVDYGKK;TIGGGDDSFNTFFSETGAGK;VGINYQPPTVVPGGDLAK
Cnem012584-RA_True_0,KLH2:KLH1:#N/A:ODHCY:#N/A:#N/A:#N/A:#N/A:#N/A:#N/A,DTQSIQTALR;ELLADTGPDGWASLASFHGAPAR;EPLKPFSFGPPYNLNK;HGSPIGVPYWDWTR;HGSSIALPYWDWTQPLK;KLPDIFTR;KNVESLSPLEGYHLAEALIALK;LFAVWQK;LFTLQVEQALQK;LPDIFTR;LYTVQFEDALK;LYTVQFEDALKR;NLDEVEER;NVESLSPLEGYHLAEALIALK;NVESLSPLEGYHLAEALIALKK;PFSFGPPYNLNK;PQDTFAYK;RHGSPIGVPYWDWTR;SIDGTELDSHLIHEPTVIFVPAK;VEFEHVDTER;VFAGFLLK;YDALEFVGMNIPTLDAYIK
Cnem114347-RA_True_0,NA,GDTRTEIETSLGLNVFR;TEIETSLGLNVFR
Cnem102052-RA_True_0,Col6a6:COL6A6:Col6a5:vwa2:COL6A3:COL12A1:COL6A5:Itgam:Itgax:Itgad,FAAITFGNR;IVVVITDR;LTEHFQISNR;LTEHFQISNRDVR;NVFTADNFDNLVR;SDILFVFDTSGSK;TYLALDYVHK
Cnem053245-RA_True_0,#N/A:#N/A:RGP51:#N/A:#N/A:#N/A:ifa-1:mua-6:#N/A:VIM,ISTTYEEEGR;KLEAENEALR;KVIDELSSTK;LEAENEALR;SSITPGVYQQLSSSGITDFR;VAGLQDEIASLR;VHFLDAQVK;VIDELSSTK
Cnem127714-RA_True_0,Nwd2:NWD2:NWD1:Nwd1:DDB_G0287407:alr2800:all2124:RID3:sconB:NLE1,AIVAVIDGDK
Cnem042202-RA_True_0,KLH2:KLH1:#N/A:#N/A:ODHCY:#N/A:#N/A:#N/A:#N/A:#N/A,ARDVFNYDR;EGVPYWDWTAPIGK;EMPWAYER;GIDEIIHNLR;HADSDYDIVVIPVSK;IEFVTSDLTDPLEDLGSYTTMYK;IPPFSYNSYAFNTVHK;IPSLFGDSADYNPFYSYTISFNNQR;IWIIWQELQK;KYGITTDHPIK;LFKYDITDVAK;LFKYDVTDVFSK;LFNDPEFGK;LLTVQFEQALK;LNSLPSSVFDYTHFGYEFDK;LSPGDYFFVPK;LTVSETENLR;NINELSLEESANLR;QFAIWQALQK;SPTVQFVPGVK;YDITDVAK;YDITDVAKK;YDVTDVFSK;YGITTDHPIK
Cnem107981-RA_True_2571,Zp4,VLPAPGIDR;VLPAPGIDRFR
Cnem016476-RA_True_51,Pnliprp1:Pnliprp1:PNLIPRP1:Pnlip:Pnlip:PNLIP:Pnliprp2:PNLIPRP2:PNLIPRP1:PNLIP,DMAEELLK;ELGTLPQSLDAR;ISGIDPAGPYFR;LPETALAVWTNFK;TMYLLYTR;VRLDDTDAK
Cnem037784-RA_True_0,Ubc:Ubc:#N/A:Ubi-p63E:UBC:UBC:UBC:UBC:UBC:ubq-1,EGIPPDQQR;ESTLHLVLR;TITLEVEPSDTIENVK
A0A345S6Z9,NA,EGIPPDQQR;ESTLHLVLR;TITLEVEPSDTIENVK
Cnem047787-RA_True_2,NA,LRPATLSDALTLWDGLASR;PATLSDALTLWDGLASR;SEGSVTYR;SYFVTAQR;VITWLAAR
Cnem036260-RA_True_0,jockey\pol:CFDP2:CFDP2:Pol:#N/A:#N/A:#N/A:F52C9.6:#N/A,EGGGGLLGGLLGGGK;IIAGLLSGGK
Cnem136145-RA_True_0,TUBB4B:#N/A:tubb4:Tubb4b:#N/A:#N/A:Tubb2b:#N/A:#N/A:#N/A,ALTVPELTQQMFDAK;AVLVDLEPGTMDSVR;FPGQLNADLR;FPGQLNADLRK;GHYTEGAELVDSVLDVVR;GHYTEGAELVDSVLDVVRK;IMNTFSVVPSPK;INVYYNEASGGK;ISEQFTAMFR;LAVNMVPFPR;LHFFMPGFAPLTSR;MSATFIGNSTAIQELFK;NSSYFVEWIPNNVK;YLTVAAIFR
CON__ENSEMBL:ENSBTAP00000025008,NA,ALTVPELTQQMFDAK;AVLVDLEPGTMDSVR;FPGQLNADLR;FPGQLNADLRK;GHYTEGAELVDSVLDVVR;GHYTEGAELVDSVLDVVRK;IMNTFSVVPSPK;INVYYNEASGGK;ISEQFTAMFR;LAVNMVPFPR;LHFFMPGFAPLTSR;MSATFIGNSTAIQELFK;NSSYFVEWIPNNVK;YLTVAAIFR
Cnem155359-RA_True_0,#N/A:#N/A:His4:#N/A:#N/A:#N/A:#N/A:#N/A:#N/A:#N/A,DAVTYTEHAK;ISGLIYEETR;ISGLIYEETRGVLK;TVTAMDVVYALK;TVTAMDVVYALKR;VFLENVIR;VFLENVIRDAVTYTEHAK
A0A059NTS1,NA,DAVTYTEHAK;ISGLIYEETR;ISGLIYEETRGVLK;TVTAMDVVYALK;TVTAMDVVYALKR;VFLENVIR;VFLENVIRDAVTYTEHAK
Cnem135886-RA_True_50,NA,DAVTYTEHAK;ISGLIYEETR;ISGLIYEETRGVLK;TVTAMDVVYALK;TVTAMDVVYALKR;VFLENVIR;VFLENVIRDAVTYTEHAK
Cnem030226-RA_True_0,LCTL:Lctl:Lct:LCT:BGLU6:LCT:BGLU34:LCT:#N/A:GBA3,DYSNNVLQAIR;GALDFLAIGHFK;GYETGEHAPGLENPELVYR;ILPTGTVEHVNK;ILPTGTVEHVNKK;SLGVSHYK;TAADGYHNVK
Cnem129944-RA_True_81,AGRN:#N/A:EPI10:EPI10:Agrn:Agrn:Tmeff2:TMEFF2:TMEFF2:AGRN,GSPYDQITIVR;SPYEQVVLVSK;SPYQQVTLVR
Cnem053246-RA_True_0,#N/A:#N/A:RGP51:#N/A:#N/A:#N/A:ifa-1:OV71:AV71:ifb-1,DLLDQLELLK;DLLDQLELLKPEPIQIK;EIQSAYDEK;GMDYAEFWK;GMDYAEFWKSELSK;IDLIQQDTEAK;LLEGEESR;NAAYAELAAK;SLVEQAIGVQGR;TEEAEFYK;VAASIQLK;YASLQAER
Cnem080046-RA_True_0,LCP2:Cp1:LCP1:#N/A:Cys:LCP3:CTSL:CTSL:Ctsk:CTSL,NSWGVEWGMK;YSFEPYMETFSEFK
Cnem098429-RA_True_0,CDA1:CDA8:CDA7,AAFYINHDYTDYNFVK;AISDNIVGFR;APYLLVAHNVQFDALK;DVWIVTPK;GHEIASHTISHR;LPPGTSSADYPEAVAEITGMR;MVIEWMK;NFNDYFYPTK;SLLVDNSYNLR
Cnem103707-RA_True_24,LCT:LCT:Lct:LCT:bglA:bglA:bglA:GLU1D:Lctl:GBA3,AFPEDRDK;DYSNNVLQAIR;GVSIWDTFAHNNK;ILENLEVDFYR;ILPDGTTANINQAGIDYYNR;LEYRPETNPDSDK;TGLYFVDMDAPDRPR;VIDALLAK
Cnem052556-RA_True_0,KLH2:KLH1:ODHCY:#N/A:#N/A:#N/A:#N/A:#N/A:#N/A:#N/A,AGLEPSAAANFK;DIQSDLLFK;LWAIWQELQR;LYTVQFEDALR;LYTVQFEDALRR;NVESLSPLEK;PVDTFDYR;VEFEHEDVHR;VEFEHEDVHRDIQSDLLFK;YDALEFVGMNIPTLDAYIK;YSRPVDTFDYR
Cnem154534-RA_True_0,NA,ELVLIFFDR;HVTLAEAMAR;VDRYEAETHLDK;VGVVDPDLK;YEAETHLDK
Cnem049293-RA_True_0,D3Ertd751e:C4orf33:#N/A:zgc:77739:TEgg072n04.1,FNAYAIHGEGTNR;ISLAPSSDGGMLIR;IYESLYPATWK;LDQPDFHR;VLNDYKPNEVSEIWRPYVTI
Cnem073698-RA_True_41,Cpvl:CPVL:CPVL:VCP:CPVL:#N/A:DDB_G0280105:SCPL34:cpyA:KEX1,VEIPGLDVLSYSGYITVDK
Cnem061627-RA_True_179,NA,PGEVEISR
Cnem011193-RA_True_44,Col6a5:Col6a6:Col6a4:COL14A1:COL6A6:COL12A1:COL6A5:vwa2:Col7a1:COL7A1,GETFTDIALQFIGLEGLLTSSSR;IASAEANVFSVK;IIGVGVGSVNR;NFPGLEEIK;TIAAADALR
Cnem105937-RA_True_53,CAM2:#N/A:CAM2:CAM:CAL1:CAM1-1:#N/A:CAM1:CAM7:CAM53,GLEELEAFAK;ITLDEFLK;SSSEELAQLFK
Cnem140498-RA_True_0,Mlc-c:Myl4:Myl4:mlc-5:MYL6B:Myl6:MYL6:MYL4:MYL4:Myl6b,VLPTLDDFIEGFR
A0A7S7B039,NA,DSVDFYAETK;FYGALPTAVDIR;FYGALPTAVDIRR;LTIPGLSNMEFGSTVYILIK;SGYLQFTGVSWIR
Cnem058969-RA_True_102,NA,DSVDFYAETK;FYGALPTAVDIR;FYGALPTAVDIRR;LTIPGLSNMEFGSTVYILIK;SGYLQFTGVSWIR
Cnem058970-RA_True_0,NA,DSVDFYAETK;FYGALPTAVDIR;FYGALPTAVDIRR;LTIPGLSNMEFGSTVYILIK;SGYLQFTGVSWIR
Cnem083754-RA_True_0,Cp1:#N/A:LCP3:CTSL:LCP2:LCP1:Ctss:CTSS:cpl-1:CTSL,DLAFEFYR;NSWGATWGDR;VAVANVGPVGAVVDSK
Cnem057180-RA_True_0,hil-6:hil-2:#N/A:#N/A:h1-0-b:his-24:#N/A:#N/A:#N/A:#N/A,GTGAAGSFR;SDAAATTAPAAATPAK
A0A059NTU3,NA,STELLIR;YRPGTVALR
A0A0F6MU51,NA,STELLIR;YRPGTVALR
Cnem024707-RA_True_0,LCT:LCT:LCT:Lct:Gba3:GBA3:GBA3:LCTL:Lctl:BGLU41,AYHIYKDNFK;ILPDGTTANINQAGIDYYNR;LIDALLAK
Cnem076280-RA_True_0,ALPL:Alpl:Alpl:ALPL:ALPL:#N/A:ALPL:#N/A:Iap:ALPG,DINVILGGGR;GAEVDSVLR
Cnem012576-RA_True_0,KLH1:KLH2:ODHCY:#N/A:#N/A:#N/A:#N/A:#N/A:#N/A:#N/A,LHGLGVSADVR;LLTVQAENALR;LLVVQVEDALR
Cnem051398-RA_True_194,NA,IVYDNIDSLSTAATAEK;LYLFSLPYHR;VADYYKPSQVQLK;VLNAYPSSK
A0A345S6Z4,NA,DASETSLK;DPAAIDWK;GASYDEIK;GILGYTEDDVVSSDFLGDVR;LEIDGHLITVFAEK;LTGMAFR;LVAWYDNEYGYSNR;SSIFDANAGIALNSNFVK;STGANYVVESTGVFTTADK;VGINGFGR;VPVADVSVVDLTVR;VPVADVSVVDLTVRLEK;VVELIQHMYK;VVISAPSADAPMFVLGVNEDK
Cnem083613-RA_True_0,NA,DGIEDTVSLTAHYFADAPK
Cnem091490-RA_True_64,GM2A:Gm2a:GM2A:DDB_G0282109,VSADLLLEYSAR
Cnem167444-RA_True_0,ALO1:ALO1:ALO1:ALO1:ALO1:ALO1:ALO1:GULO,AENHFVLLK;GSLDIAR;HDNIVGIIDIIHK;RHDNIVGIIDIIHK;TFHYLVNAYPVIFPPR;TLVIDFLAPPTQEGFYPAAADFVNHFK;TYGQLIPQFK;VAILAQPLNDR;VVPTFIAK;WGTETSAAFLLNIDNAFSTPFR
Cnem122127-RA_True_362,NA,FPGPFGGSR;VVIFDIFNK
Cnem154483-RA_True_63,H2AZ2:H2AZ2:H2A.F/Z:H2AZ1:H2AFZ:His2Av:h2a.zl1:htz-1:Os03g0743400:At2g38810,AGLQFPVGR;GDEELDSLIK
Cnem086631-RA_True_0,LCC3-1:#N/A:LCC4:LCC4:LCC1:LCC2:LCC2:#N/A:LCC4:LCC3,FDFVLDAK;TTWWDGIR
Cnem091484-RA_True_0,ANXA11:ANXA11:ANXA11:Anxa11:Anxa4:Anxa4:ANXA4:ANXA4:ANXA6:ANXA4,AEYDSDLEEDLGGDTSGYFR;DTPGFFAR;EGYLAIVESVK;FFEAGESR;LLVSLLAAGR
Cnem169917-RA_True_124,NA,GLSDSAQETLLGLLR
Cnem045665-RA_True_27,prdx-2:Prdx2:PRDX2:PRDX2:Prdx2:PRDX2:PRDX1:#N/A:PRDX1:#N/A,EDEGIAFR;GLYIIDDK;GLYIIDDKGNLR;LVQAFQFTDK;QITINDLPVGR
Cnem016474-RA_True_0,Pnliprp1:Pnliprp1:Pnlip:Pnliprp2:PNLIPRP1:Pnlip:PNLIPRP2:PNLIPRP2:PNLIPRP1:PNLIP,DMAEELLK;ESDILPQSLDAR;FIVHGFLHTVR;ITGLDPAGPYFR;LISLPPQSPDK;SLIPSLSENDLLTGLLK;TMFLLYTR;VVGAQIGMLINSLIR;YHYTVTVK
Cnem159389-RA_True_0,eef1a:#N/A:eef1a:#N/A:eef1ao:eft-3:#N/A:#N/A:eEF1alpha1:eft-3,EHALLAYTLGVK;IGGIGTVPVGR;LPLQDVYK;MDSTTPPYSESR;PLRLPLQDVYK;STTTGHLIYK;TLIHALDAILPPSRPTDK;VETGVLKPGMVVTFAPANVTTEVK;YYVTIIDAPGHR
A0A345S6Z2,NA,EHALLAYTLGVK;IGGIGTVPVGR;LPLQDVYK;MDSTTPPYSESR;PLRLPLQDVYK;STTTGHLIYK;TLIHALDAILPPSRPTDK;VETGVLKPGMVVTFAPANVTTEVK;YYVTIIDAPGHR
Cnem031676-RA_True_0,NA,EGSTYSVLYEYHI;ELPEYVFVQR;VTVNASYDK
Cnem038646-RA_True_0,CAM:#N/A:cmd-1:#N/A:#N/A:#N/A:#N/A:CAM2:CALM1:#N/A,EAFSLFDK;EAFSLFDKDGDGTITTK;HVMTNLGEK;LTDEEVDEMIR
Cnem109046-RA_True_323,GPx:Gpx6:GPX3:GPX3:GPX3:Gpx6:GPX3:GPX3:Gpx3:GPX3,DAFDTTLLFYTPIR
Cnem101793-RA_True_76,fprA:FPR1:FKBP1A:FKBP1B:FKBP1B:FKBP1A:Fkbp1b:FPR1:Fkbp1b:FKBP1,LTITPDYAYGR
Cnem129824-RA_True_0,Alpl:ALPL:Alpl:ALPL:ALPL:Alpi:ALPL:ALPI:#N/A:#N/A,IYAGQLLGK;LSFDHFPYTGLSR;NVILFLGDGMGPTTVTAGR
Cnem087298-RA_True_0,tyr-1,HDDIYSPR;LAVSMSIGFVAVK;VDDSVGQVLLSSR;VDRHDDIYSPR
Cnem120877-RA_True_991,NA,ADAYYAGVVAK
Cnem133498-RA_True_0,GSTM3:GSTM3:Gstm5:Gstm4:Gstm5:Gstm2:GSTM1:GSTM4:Gstm2:GSTM1,AYMESDEFMK;DYSKLEDDYFK;ITQSNAILR;LMRPDILK;NLQAFMGR;SFDAFLQGR;YTLGLPFPNLPYLIHGDIK
Cnem027275-RA_True_0,NA,DPGSTFPYEIDDK;SPEGYTIYQTFINK
Cnem106622-RA_True_0,CSTB:CSTB:#N/A:CSTB:CSTB:CSTB:CSTB:Cstb:Cstb:#N/A,SQVVAGTNFFVK;TKEDELEYF
Cnem130055-RA_True_0,TNXB:FCN2:Tnr:Tnr:TNR:TNR:#N/A:Fcn1:Fcn1:FCN1,GDVDFYRGWDDYK;GDVDFYRGWDDYKK;ITISGFSGNVHDSMK;PLTFTEMK;RPLTFTEMK;VRGDVDFYR
Cnem045891-RA_True_0,Matn1:MATN1:MATN1:MATN2:Matn2:MATN4:mup-4:COL6A6:mua-3:Col6a6,AGSVINPENANK;FGGLLFATDVNELFR;FKLQQQFVSK;LNTYTSR;LQQQFVSK;LTHHFVVGDR;TDVTTSLLNAPYGEGGTNTHIGINYILNNDLFAPVNGGR;TSAPDYVVVVTDGASSR;TSAPDYVVVVTDGASSRPEETK
Cnem014120-RA_True_0,RAB1A:RAB1A:RAB1A:RAB1B:#N/A:Rab1b:Rab1b:RAB1B:RAB1B:RAB1B,EYADQLGIPFLETSAK;FADDTYTESYISTIGVDFK;KVVDFTTAK;LLLIGDSGVGK;LQIWDTAGQER;TITSSYYR;VVDFTTAK
Cnem122261-RA_True_1523,SERPINB8:Serpinb1b:SERPINB7:SERPINB10:MA_2613/MA_2612:TK1782:Serpinb1a:#N/A:serpinb1:SERPINB4,ETGTVAAAATAVIVAR;FKIESTYELESPLR;FSLFILLPK;IESTYELESPLR;LLDLILFQGK
Cnem135960-RA_True_0,CROCC:Crocc:CROCC2:Crocc2,EKDLIGK;EVTELQTR;MAELIDEAR
Cnem014739-RA_True_0,NA,FVPVDDYPWVK
Cnem122127-RA_True_0,NA,VSLTASDAPLSR
Cnem052546-RA_True_134,#N/A:KLH1:KLH2:#N/A:#N/A:ODHCY:#N/A:#N/A:#N/A:#N/A,AGSFNILGGPTESAWAYDR;AHLVPEDVFDSTK;EVSHLTTSEIR;IGIPYWEWTTAFK;LEVEVFDVAGHTLSPR;NVFPPPSIIYDPGTTDTK
Cnem112978-RA_True_848,NA,KPADMLSHAVVY
Cnem169400-RA_True_93,#N/A:#N/A:#N/A:#N/A:#N/A,YSVTLEGLGGTPFK
Cnem052544-RA_True_0,KLH2:KLH1:ODHCY:#N/A:#N/A:#N/A:#N/A:#N/A:#N/A:#N/A,AGIFSILGGETEMPFEFDR;AGIFSILGGETEMPFEFDRLFK;AIDGTVLDSSLIR;DEVLENPFAHGYITDEDAYTVR;DIQSLQSALR;ELPSIFTK;EPLKPFSFGPPYNLNK;HGSLVGMPYWDWTR;HGSSLALPYWDWTLPIK;IGFEHTDTER;KNIETLSPLEGYHLVK;LFTLQVEQALQR;LYTVQFEDALR;LYTVQFEDALRR;NIETLSPLEGYHLVK;PADTFDYR;PFSFGPPYNLNK;VDYYDAWR;VFAGFLLK;YDALEFVGMNIPTLDAYIK;YSLSSLEYSAYDPIFFIHHSFTDK
Cnem001383-RA_True_62,SNRPD1:SmD1:smd1:SMD1B:SMD1A:snr-3:SMD1:snr-1:lsm4:SMD3B,LSHETVTVELK;YYILPDSLPLDTLLIDDAPR
Cnem080048-RA_True_73,LCP1:Cys:LCP2:Cp1:LCP3:#N/A:CTSL:CTSL:Ctsl:Ctsl,YSFEPYMETFSEFK;YSVFVENVK
Cnem033802-RA_True_0,Npc2:NPC2:NPC2:NPC2:NPC2:ESR16:Npc2a:DERF2:#N/A:ALLA,TEAFASFGPITVPYK
Cnem152632-RA_True_0,H2B-VII:#N/A:#N/A:#N/A:#N/A:H2B:#N/A:#N/A:#N/A:AGAP012199,AMSIMNSFVNDIFER;ESYSIYIYK;KESYSIYIYK;QVHPDTGISSK
A0A3G1UPB4,NA,IWCGFVGSGLSLLIR
Cnem010220-RA_True_0,RHO:Rho1:rhoac:rhoad:rhoaa:RHOC:RHOA:Rhoa:RHOA:RHOC,EGVREVFETATR;EVFETATR
Cnem085901-RA_True_0,yajO:norA:aflE:norB:yrpG:aflF:stcV:GME11368:#N/A:ausK,TPYVFLGR
Cnem108278-RA_True_0,#N/A:ENO:ENO:ENO:ENO1:ENO1:ENO1:#N/A:ENO1:ENO1,AAVPSGASTGIYEAVELR;AVDELMIK;GNPTVEVDLTTEK;HIADIAGTK;IEEELGSAAK;IGSEVYHNLK;SGETEDTFIADLVVGLATGQIK;WLTSDQLAEIYK
Cnem069408-RA_True_107,NA,GPVELANYVISTLGDLSEGK;LNGELYLLSR
Cnem092080-RA_True_175,GSTO1:Gsto2:Gsto2:GSTO2:GSTO1:se:gsto-2:Gsto1:Gsto1:gsto-2,FYEEHLAK;ILLEYFSK;ITAPFYGLLLK;SPAMIDFFIWPHLER
Cnem015053-RA_True_0,ds:FAT3:ft:Fat4:Fat3:FAT1:FAT4:Fat3:CELSR2:DCHS1,ALLTLTAR;AYMLNDPSIQAFK;DDDPLPPER;FFGVTELGQIYK;FNVIGDSTEK;FPLPVNTDPSMWSR;IDTDSDAGIQVLR;ITTTTVTVDVAR;LAFNPSTSVYNR;PLTVTDSADEYDLYVQAR;SGADWFDVNTFTGLLTIK;SGADWFDVNTFTGLLTIKR;SLQYVFQVR;SQLSVTIDSGNVEK;SVPAIVVVNVLR;TAEAYITVNVLR;TDTAIVR;TITINVDR;TSPTGVIR;TVLYSMDTSR;VTQYLTILVTR
Cnem012577-RA_True_0,KLH2:KLH1:ODHCY:#N/A:#N/A:#N/A:#N/A:#N/A:#N/A:#N/A,EMPWAYER;FDPNPFFSGK;IAGEDAVTTR;IWAVWQELQK;IWAVWQELQR;LFKYDVTDVAK;LFTLQVEQALHR;LLTVQFEQALK;NLESLSVGEVESLR;QFAIWQALQK;VFAGFLLK;YDVTDVAK;YDVTDVAKK
Cnem069162-RA_True_0,BRAFLDRAFT_56888:FUCA2:Fuca2:Fuca1:Fuca1:Fuca2:FUCA2:FUCA1:FUCA1:FUCA1,LDFSSWGFR;LDFSSWGFRR
Cnem118087-RA_True_0,tld:Cubn:ASTL:#N/A:Tll1:Pcolce:Pcolce,TEPVLLSFEYR
Cnem024465-RA_True_0,NAGA:GLA:Gla:Naga:NAGA:Naga:NAGA:#N/A:AGAL1:AGAL2,GVFAIGILNK;LFEVPGSISVWLK;LVADPERFPSGIQALAR;MADLMVSEGYR;NIIAINQDPLGSQAFR;TFAEWEIDSLK;TSLSDLGLK
Cnem018267-RA_True_20,MDH2:Mdh2:MDH2:MDH2:MDH2:Mdh2:MDH2:MDH2:mdh-2:MMDHI,IQNAGTEVVEAK;NGIEKNLGIGK;SNTFIAEAK;VALLGAAGGIGQPLSLLLK;VFGVTTLDVVR;YFATPILLGK
Cnem057718-RA_True_0,ARL8A:ARL8A:arl8a:Arl8a:Arl8b:arl8ba:ARL8B:ARL8B:ARL8B:Arl8,DLPGALDEK
Cnem154447-RA_True_96,VDAC2:vdac2:VDAC2:VDAC2:VDAC2:VDAC2:VDAC2:Vdac2:Vdac2:VDAC1,GYNWGFFK;LTISSLIDGK;WSEYGLTFTEK;YKLDSDASFSAK
Cnem090482-RA_True_57,Cad99C:Celsr3:Celsr3:CELSR3:CDH23:ds:Cdh23:FAT3:Cdh23:Fat3,AADLDVAIGNVISFR;IFITDVNDNIPVFPK;KYYSELR;YTTGLSLK;YTTGLSLKK
Cnem030091-RA_True_0,mec-2:AAEL010189:AGAP004871:CG42540:sto-2:STOM:Stom:sto-4:sto-1:unc-1,LLAATTLR;NSTIIFPLPIDLLK;YLQTLNTISAEK
Cnem068159-RA_True_0,ABT:ANT-G1:AAC3:AAC3:ANT:AAC2:PET9:Os02g0718900:aac:ANT-G2,GAGANILR;GVAGAGVLAGFDK;LGFAENFALSGAAAVISK;SDGFVGLYR;TAAAPIER;TEGILPFWR;YFPTQALNFAFK
Cnem004039-RA_True_0,PLIM2B:PLIM2C:WLIM2B:PLIM2B:WLIN2A:PLIM2A:WLIM1:SF3:Mlp60A:Csrp3,IEAGGVPFHK
Cnem086365-RA_True_41,COPS6:COPS6:COPS6:Cops6:COPS6:CSN6:cops6:cops6:CSN6:CSN6B,GEATVLFVDIPYTLATEEAER;LISLGDIFIYFK;TSDLPISMFESVIDLVK
Cnem158034-RA_True_179,#N/A:HSPA5:HSPA5:Hspa5:HSPA5:Hspa5:HSPA5:HSPA5:HSPA5:hspa5,DAGTIAGLNVMR;DIAEAYLGK;DIAEAYLGKK;DNRAVQKLR;FDLTGIPPAPR;FEELNMDLFR;IINEPTAAAIAYGLDK;IINEPTAAAIAYGLDKK;ITEAVDSAIK;ITPSYVAFTPDGER;NELESYAYSLK;TFAPEEISAMVLSK;VLEDADLKK;WLESTPDAEVEDFK
Cnem070277-RA_True_15,NA,SWTEPLVLSLR
Cnem107016-RA_True_0,ANXA6:Anxa6:ANXA6:Anxa6:ANXA6:ANXA7:ANXA7:Anxa13:ANXA7:ANXA11,ATAWDTEEAYVAIVK;DAVDIFVPEEER;DFDSELSGNFR;DGTSGDFGELLLQLVSGK;DLDSELSGDFR;DLLVDIISGNK;DLLVDLVSGK;DLLVDLVSGKK;EDVITEVITR;ETLVALLMPPVEYDTYSINK;ETSGDLRDILLK;GDLRDLLVDLVSGK;GVGTDEDTLIEVITR;ILVSRSEVDLPAIK;KDLESAVK;KEDDNKINDNDEDAVK;NLDPTNPVFVK;SAPELTDIKK;SEIDLPAIK;SELDLPEIK;SGPELDEIK;SGPELDEIKK;TGEAEEAYTTLVK
Cnem025276-RA_True_69,NA,VLWSYLIGR;VLWSYLIGREEK
Cnem081609-RA_True_39,GSTO1:GSTO1:Gsto1:Gsto1:Gsto2:Gsto2:GSTO2:se:gsto-2:gsto-2,ATSFDVATHLR;IVYESTATSDWLDDVYPENR;LAAWFDATSSLPAVK;LASTFFTLMR;NPLGLVPVLELDDK;TPVFATTEPR
Cnem016465-RA_True_72,Pnliprp2:PNLIP:Pnlip:Pnliprp1:Pnlip:Pnliprp1:PNLIPRP2:PNLIP:PNLIPRP2:PNLIP,DLAEELLK;FIVHGFLDTVR;IMTMFLLYTR;VRLDDTDAK
Cnem065418-RA_True_0,XDH:XDH:xdh:ry:Xdh:XDH:XDH:Xdh:XDH:ry,NAPNPIGVLGSK
Cnem137199-RA_True_0,ANXA7:ANXA7:Anxa7:ANXA7:ANXA3:ANXA6:ANXA3:AnxB11:anxa7:Anxa13,DLLLDLVSGK;DLLLDLVSGKK
Cnem078254-RA_True_0,NA,DFADTQNAVTYIIQR;DSNLEVEK;GDSDAPYISFVANYNDLFK;GDSDAPYISFVANYNDLFKK;HNYEVFLSTPASLIESDFPGDK;ITSDGKEPSSDVK;LLTPNDYFTPSEPNVPR;PLKGDSDAPYISFVANYNDLFK
Cnem060222-RA_True_0,Gapdh2:Gapdh1:GAPDH:GAPDH:#N/A:Gapdh2:GPD2:GAPDH:gapdh:#N/A,EASETYLR;GASYDEIK;GASYDEIKR;GILGYTEDDVVSSDFLGDQR;GVNVVAVNDPFIDLDYMVYMFK;LTGMAFR;SSIFDANAGIALNSNFVK;STGANYVVESTGVFTTTDK;VGINGFGR;VPTPDVSVVDLTAR;VVISAPSADAPMFVMGVNEDK
Cnem151592-RA_True_0,#N/A:#N/A:RGP51:#N/A:#N/A:#N/A:ifa-1:#N/A:VIM:VIM,KLEAENEALR;KVIDELSSTK;LAGLSDEVTSLR;LEAENEALR;VIDELSSTK
Cnem018319-RA_True_87,YWHAE:14-3-3epsilon:#N/A:#N/A:fttB:#N/A:artA:TFT2:#N/A:TFT6,AAFDDAIAELDTLSEESYK;AASDIALTELAPTHPIR;DSTLIMQLLR;EAAENSLVAYK;HNLIVAYR;NLIPNAATGESK;YDEMVGFMK
Cnem082233-RA_True_88,hnrnpdl:HNRNPDL:Hnrnpab:Hnrnpdl:hnrnpdl-a:HNRNPAB:Hnrnpd:HNRNPD:HNRNPDL:hnrnpdl-b,AFGFIEFK;AYFETFGPVEK;LDPSLTEEEVK;LFVGGLSWETTTK
Cnem095908-RA_True_0,y:y:y:y:MRJP1:MRJP3,FTTGVPSTLNR;GIIYLTVPR;GTIDFSGAQGPNFR;ISQTGGMTYGTDNLFYGALIK;LVVYDLADGSLVR;LYQVPSSVVR;THSFISGVK;WIYITDAVDSK
A0A6B9QIV2,NA,FTTGVPSTLNR;GIIYLTVPR;GTIDFSGAQGPNFR;ISQTGGMTYGTDNLFYGALIK;LVVYDLADGSLVR;LYQVPSSVVR;THSFISGVK;WIYITDAVDSK
Cnem013671-RA_True_106,SPCC663.09c:csgA:SPCC24B10.20:tropE:RED3:aflD:gsfK:CBR1:tazN:eupG,DEDIDAAYK;DSGILVLALHPGWVK;GLGLEYIK;LLTHFDVNVAGPLLVTK;TALNMAAIVLSR;TVMITGASR
Cnem006265-RA_True_0,ATP5F1B:#N/A:ATP5F1B:ATPsynbeta:Atp5f1b:ATP5F1B:ATP5F1B:Atp5f1b:atp-2:atpD,AHGGYSVFAGVGER;FTQAGSEVSALLGR;GIAELGIYPAVDPLDSNSR;IGLFGGAGVGK;IINVIGEPIDER;ILDPNVVGEEHYATAR;TIAMDGTEGLVR;TVLIMELINNVAK;VALSGLTVAEFFR;VISLTDDTSK;VVDLLAPYAR
Cnem040100-RA_True_0,FCN2:Tnr:Fcn1:Tnr:TNR:FCN1:TNXB:FCN1:Fcn1:FCN2,TNDDVDFYR;VEMIYQGR
Cnem026685-RA_True_60,#N/A:hnrnpa1:HNRNPA1:#N/A:Hnrnpa1:HNRNPA1:HNRNPA1:HNRNPA1L2:#N/A:Hrb87F,GFGFITYK;IEHVDIVVDK;LFVGGLSYETTEDSLR
Cnem031128-RA_True_0,Capsl:CAPSL:CAPS:CAPS:CAPS:CAPS:#N/A:Caps2:#N/A:CPK27,DNSGTIDFDEFLTR;NLIYQAFR;TGDGVITIDDLK;YLSGEWTK
Cnem003241-RA_True_129,TRX2:TRX2:THIO:TRXA:TXN:TRX1:trx1:TRX1:TXN:TXN,AMPTFQFYK;WAEEYDDVIFLK
Cnem040810-RA_True_251,Rab11b:#N/A:Rab11b:RAB11A:RAB11A:RAB11A:rab-11.1:YPTC6:RIC2:RABA1E,GAVGALLVYDIAK;HLTYENVER;STIGVEFATR;VVLIGDSGVGK
Cnem097404-RA_True_150,enoph1:BRAFLDRAFT_73099:ENOPH1:Enoph1:Enoph1:AGAP003331:ENOPH1:enoph1:enoph1:Os11g0484000,DTLFPYVR;FDELYGEEYDEDEIK;GVLFDDVAPMLK;LLFANSTHGDLTDVFSGYFDTTTGSK;NAYESEELK;SAEEADSLLVGVR;SHIESYLNK;SIVFDIEGTTTPISFVK
Cnem020475-RA_True_0,pol:RTase:#N/A:#N/A:RXLR78:#N/A:R1A1-element\ORF2:X-element\ORF2,SPMEPYELQFK
Cnem156957-RA_True_79,#N/A:#N/A:TPI1:tpi1:tpi1b:TPI1:tpi1a:TPI1:tpi-1:Tpi1,DVGGTWVITGHSER;EGAFTGEISPYMIK;FFVGGNWK;GSNAAELAK;VVIAYEPVWAIGTGK
Cnem069163-RA_True_0,FUCA1:Fuca1:BRAFLDRAFT_56888:FUCA1:FUCA2:FUCA1:Fuca1:FUCA2:FUCA1:Fuca,HHEGFTSWPSK
Cnem086499-RA_True_0,gst-7:GST1:gst-8:gst-6:gst-5:gst-3:#N/A:HPGDS:#N/A:OCTS3,FFGFFENLLK;IVLNYFDLNGR;LILVWADK;TYGQSLAIANFFAR
Cnem123892-RA_True_37,TSA:PRDX6:#N/A:PRDX6:PRDX6:PRDX6:PRDX6:Prdx6:PRDX6:Prdx6,AVFIIGPDK;AVFIIGPDKK;EGLPLTAR;LPYPIIADEKR;LSILYPATTGR;VATPVDWK
Cnem037763-RA_True_0,NAGA:NAGA:NAGA:Naga:GLA:Naga:Gla:AGAL3:AGAL1:#N/A,FTMDLDAR;TFAAWGIDSFK;TPPMGWLSWER;VDVSSVFLGK;YLADYVHAK
Cnem112978-RA_True_1,#N/A:#N/A:Bst1:BST1:Bst1:CD38:Cd38:Cd38:CD38:CD38,ITSVNVIVAHDLGK;ITSVNVIVAHDLGKPK;SSFFGKYELPNLTVR;VMFWSGVFSLAHK;YELPNLTVR
Cnem030354-RA_True_94,#N/A:Gsto1:Gsto2:Gsto2:GSTO1:GSTO1:Gsto1:GSTO2:se:gsto-1,DIAEFNVSAEK;FYSDDPLVR;MWKDPVVLK;YPHLSAWIDR
Cnem123150-RA_True_100,CYME_CMM237C:CNAG_00483:ACT:#N/A:#N/A:#N/A:ACTII:ACT2:#N/A:#N/A,LAEVLFEK;SFGALGAEAR;SVIPSVVGR;TTGLVLDIGSGVTTAVPVYEGYSLPEAVVR;VISLAEER
Cnem094820-RA_True_13,#N/A:fabp3:FABP3:FABP3:FABP3:PMP2:FABP3:#N/A:PMP2:Fabp3,ALEVGFPTR
Cnem040447-RA_True_64,PIEZO2:Piezo2:Piezo:PIEZO1:Piezo1:Piezo1:pezo-1:At2g48060/At2g48040/At2g48050:DDB_G0282801,ALELDQLIK;IYVVTFNDR;SLPGEVTNTFELDLLKPENK
Cnem106737-RA_True_67,#N/A:vha-10:vha-10:ATP6V1G1:ATP6V1G2:ATP6V1G2:ATP6V1G2:Atp6v1g1:ATP6V1G2:ATP6V1G2,TIIDVLFDIK
Cnem015074-RA_True_0,usf:aq_1997,GLEFYVYDAGHAFTNK
Cnem113635-RA_True_103,GDI1:Gdi1:Gdi1:GDI1:GDI1:GDI2:GDI1:GDI1:GDI2:Gdi2,FVSVLDLFEPVDDGK;GVDPTMVSK;HTEVDSVGE;ITGAPFDFSK;LLIHTGVTR;LSAIYGGTYMLDKPVEK;SPYLYPLYGLGELPQGFAR
Cnem066213-RA_True_41,WARS1:WARS1:WARS1:WARS1:Wars1:Wars1:At3g04600:wrs1:WRS1:trpS,DIISLGFDVNK;DLTIEEVQR;FFLADDEK;FFLADDEKLEK;GIFGFGDSDNIGK;ILDLYEQK
Cnem068865-RA_True_360,SMPDL3B:Smpdl3b:Smpdl3a:SMPDL3A:SMPDL3A:Smpdl3a:sgmC:Smpd1:sgmA:SMPD1,AVTQFTAPSVTPWR;VYDAHNPGIR
Cnem093022-RA_True_0,ran:Bm1_44725:ran:ran:RAN:RAN:ran:Ran:ran:ran-1,LVLVGDGGVGK
Cnem138294-RA_True_48,LAC1:LAC1:LCC3:LCC1:#N/A:AAO:ptaK:lcc1:LAC2:lcc1,ADGVFGALIVR;LAELVHIR
Cnem135948-RA_True_0,BRAFLDRAFT_56888:FUCA1:FUCA1:FUCA1:FUCA1:Fuca1:Fuca2:FUCA2:Fuca2:FUCA2,DLVGDLANALR;EGTIVPVFEER
Cnem085997-RA_True_0,#N/A:Actn:ACTN2:ACTN2:ACTN2:Actn2:ACTN1:Actn:Actn1:Actn1,LASDLLEWIR;LASDLLEWIRRTR
Cnem096201-RA_True_0,#N/A:#N/A:ifa-1:ifa-4:#N/A:ifa-3:#N/A:VIM:mua-6:ifb-1,MMYETELAEAR;TTLPTSPMR
Cnem138050-RA_True_0,NA,LNAFGIAMTTR
Cnem088558-RA_True_12,CALU:CML36:CALU,EYQIILEK;LFNFLDADK
Cnem036939-RA_True_158,ANGPTL6:Angptl6:ANGPTL2:Angptl2:ANGPTL1:Angptl1:ANGPTL1:Angptl7:ANGPTL7:ANGPTL7,DWYGYNYSLK;FISMTLSS
Cnem088586-RA_True_88,hnrnpa1:HNRNPA1:Hnrnpa1:HNRNPA1:HNRNPA1:HNRNPA1L2:HNRNPA2B1:HNRNPA2B1:HNRNPA2B1:Hrb87F,LFIGGLSFDTDESSLK
Cnem064379-RA_True_53,#N/A:Gnal:GNAL:Gnal:#N/A:gnas:G-s-alpha-60A:GNAS:GNAS:GNAS,LLLLGAGESGK
Cnem037643-RA_True_163,RDX:RDX:RDX:Rdx:Moe:RDX:Moe:Moe:Moe:MSN,APDFVFYAPR;EDATIEYLK;EIWFFGLQYTDSK;FVIKPIDK;FYPEDVSEELIQEITQK;GTDLLLGVDALGLNVYEK;IAQDLEMYGVNYFEIK;IGFPWSEIR;KAPDFVFYAPR;KGTDLLLGVDALGLNVYEK;TWYSEHR;VTTMDAELEFAIQTSTTGK
Cnem003565-RA_True_0,NA,SVTVGPSPDMIYPR;VSELLPSGVR
Cnem084526-RA_True_0,EML1:Eml1:Eml1:EMAP:EMAP:Eml2:Eml2:EML2:eml4:eml4,GGLVLVGTTR;TGLETEVPELYGPVR;WLVLDLSTR
Cnem100617-RA_True_0,NA,LLSDEVTLLR
Cnem170956-RA_True_35,hsp90ab1:HSP90AB1:Hsp90aa1:Hsp90aa1:HSP90AA1:HSP90AA1:HSP90AA1:HSP90AA1:HSP90AA1:HSP90AA1,DIYYITGESR;ELISNASDALDK;GVVDSEDLPLNISR;NPDDITPEEYAEFYK;SLTNDWEDHLAVK;TLTIEDTGIGMTK;YESLTDASK
Cnem017193-RA_True_52,Dbi:Dbi:DBI:DBI:DBI:DBI:DBI:DBI:#N/A:DBI,AKWDAWNALK;LTIYGLFK
Cnem098424-RA_True_101,CDA8:CDA1:CDA7:Cht10,SLVDAIIGFR;VAGDVQFDVLR
Cnem136894-RA_True_0,CDA1:CDA8:CDA7,SLVDAIIGFR;VAGDVQFDVLR
Cnem084278-RA_True_0,Anxa3:ANXA11:ANXA11:ANXA11:Anxa11:Anxa3:ANXA3:ANXA3:ANXA13:Anxa13,FEDVALALLDHPR;GAGTNEETLIEILATR;LLTSLVTGAR;SEIDMVIIK;SELSGRFEDVALALLDHPR;SVISETSGSLER
Cnem078659-RA_True_1063,NA,GPVHISLK;YHEYVSAK
Cnem014639-RA_True_35,gelsolin:AM:AG8:sevA:Gel:GSN:Gsn:Gsn:SCIN:VIL1,AEVLEEDSTDHSHAFFK;ASASTEEAWK;DSNLALFGSDLER;DVFIVDTK;IEGEDELK;LLHFSGLK;LLHFSGLKR;SLFVWVGK;YDVHFWIGK
Cnem005495-RA_True_0,#N/A:#N/A,VGDLEIVIER
Cnem108589-RA_True_0,Vinc:Vcl:#N/A:VCL:VCL:VCL:Vcl:deb-1:VIN1:vcl,DTEKVEEGIR;IVAGAANIAR;SLVDEALDSEALIR;VLTPVLISSIK
Cnem130192-RA_True_0,Gfus:GFUS:GFUS:GFUS:ger-1:ger:Gmer:GER1:GER2:fcl,AATEALFAK;AMNFTGEVVLDTTK;FTPIHQAIK;TTYPIDEK
Cnem022385-RA_True_115,P4HB:P4HB:P4HB:P4HB:P4HB:P4hb:P4HB:P4hb:P4HB:Pdi,ALAPEYSK;EKGEVVVIGFIK;GEVVVIGFIK;GPVWELVSSNFK;IFEFFGLK;IFEFFGLKK;LIALAEEMTK;VASAIDDVK;VDATTEPELAEEYGIR
Cnem040543-RA_True_57,CalpA:CAPN9:Capn9:Capn9:CalpB:Capn8:Capn8:CAPN8:#N/A:CAPN2,FVVSVDVSAR;KDDGEFYISISDFLK;LFTSAPLQNVK;PFSIVFR;SGNLYIDDDFPLK;TYNLTFEK;YDGVFHAR;YVIIASTAEK
Cnem146632-RA_True_2,NA,SGPVGLANYVK;SGPVGLANYVKSTIESLSR;STIESLSR;VLEGAGESGER
Cnem108594-RA_True_0,TUB2:TUBA1C:tuba:TUBA1C:#N/A:alphaTub84B:Tuba1c:Tuba3a:TUBA1D:TUBA1C,AFVHWYVGEGMEEGEFSEAR;AVFIDLEPNVVDEVR;DVNAAIATIK;ELIDLVLDR;FDGALNVDLTEFQTNLVPYPR;IHFPLVTYAPVISAEK;LDHKFDLMYAK;LIGQIVSSITASLR;LSVDYGKK;VGINYQPPTVVPGGDLAK
A0A345S6Y9,NA,AFVHWYVGEGMEEGEFSEAR;AVFIDLEPNVVDEVR;DVNAAIATIK;ELIDLVLDR;FDGALNVDLTEFQTNLVPYPR;IHFPLVTYAPVISAEK;LDHKFDLMYAK;LIGQIVSSITASLR;LSVDYGKK;VGINYQPPTVVPGGDLAK
Cnem123602-RA_True_123,NA,AFVHWYVGEGMEEGEFSEAR;AVFIDLEPNVVDEVR;DVNAAIATIK;ELIDLVLDR;FDGALNVDLTEFQTNLVPYPR;IHFPLVTYAPVISAEK;LDHKFDLMYAK;LIGQIVSSITASLR;LSVDYGKK;VGINYQPPTVVPGGDLAK
Cnem086507-RA_True_0,GST1:gst-7:gst-8:GstS1:HPGDS:gst-3:GstS1:#N/A:GST1:gst-5,AYGQTVAIANFFAR;LILTYVGK;LIYFDVAGR;VKEESVPK
Cnem046240-RA_True_59,RPLP0:RpLP0:rplp0:RPLP0:RPLP0:RpLP0:RPLP0:rla-0:RPLP0:Rplp0,AFIVNADNVGSK;AGAIAPMDVK;ITTLFDEYPK;LLAIAVETDYTFK;TSFFQALSIPTK
Cnem041019-RA_True_129,NA,IDGIAINSLTEVELK;VKDDTPIGSDLTK
Cnem097766-RA_True_77,Spata6l:SPATA6L:Spata6:Spata6:SPATA6:SPATA6:Spata6l,KPYEEPLPVFK;LASYSTNAR;LDDGLIGR;PYSSSYYDSLYER;SVSPFLYR;TIAFPGISPK
Cnem094772-RA_True_0,HPSE:Hpse:Hpse:HPSE,FLSVTIDSYSVK
Cnem069160-RA_True_0,BRAFLDRAFT_56888:Fuca2:Fuca2:FUCA2:FUCA2:Fuca1:FUCA1:Fuca1:FUCA1:Fuca,DGTIAPIFEER;SDETTPSVK;SGGGIIINIPAIPYNK
Cnem002745-RA_True_0,HNRNPA1:Hnrnpa1:HNRNPA1:HNRNPA1L2:HNRNPA1:Hrb87F:Hrb98DE:hnrnpa1:#N/A:HNRNPA2B1,GFGFITYK;GGGGYSARGQGPYGGGYGQAGGGGGYGGGGFRR;LFVGGLSYETDEK
Cnem039641-RA_True_269,D1:Pebp4:OV16:D2:CET4:PEBP4:D3:CET2:BFT:Mrpl38,TGSVTTGTQYIDYYPPTPPR;VSPASEEMSK
Cnem067262-RA_True_409,Ctsb:CTSB:CTSB:CTSB:CTSB:CTSB:Ctsb:#N/A:CTSB:CATB,IIGYGVEDGVK;SGVYQYTSGTALGGHAVK
Cnem057115-RA_True_0,Pin1:PIN1:PIN1:PIN1:dod:pin1:pin1:ssp-1:PARV12.8:PIN1,VGELSEPVFTDSGVHIILR
Cnem124214-RA_True_0,COL6A5:Col6a5:Matn4:MATN4:MATN2:COL22A1:Matn2:col21a1:cut-6:MATN1,LATITEWLAK;VSIITYGR
Cnem020498-RA_True_32,NA,EAGDDHDFVR;VRIIPVDVK
Cnem137195-RA_True_0,ANXA6:Anxa6:ANXA6:Anxa6:ANXA6:Anxa13:ANXA13:ANXA11:ANXA13:ANXA11,AGTDEDTVIGIIVK;DIDSLGDSK;DLVADLEAELTGDYK;DTILALLMPPVELDVDTLYR;ELLLQLVSGR;GSIPQISSTAEAYEK;ILVSQSELDLPAIK;LLTNILVAR;LYREDIINSLK;MYNEDISK;MYNEDISKPIK;PTAAILR;SEEDLPAIK;SEIDLPAIK;TDLESEIKK;TEFFADRLK;TGAELDEVK;TLLTIIDK
Cnem072669-RA_True_0,NA,VTGPATGVSFR
Cnem133278-RA_True_0,PURA:Pura:purb:PURB:Purb:Purb:purb-a:purb-b:PURG:Purg,DIISEFVDK;LLLAMSSAAEFR;TAITIPER
Cnem051117-RA_True_0,rps2:Rps2:RPS2:RPS2:RPS2:RpS2:RPS2:rps-2:RPS2D:RPS2B,ATYAAIAK;GTGIVSAPVPK;SLEEIYLFSLPIK;TYAYLTPDLWK
Cnem117525-RA_True_0,Matn1:MATN2:MATN1:Matn2,GIDLIVHGIK;GIDLIVHGIKPR;IDHDELLGVATK;VVVLQTDGTAK
Cnem131691-RA_True_0,Lcp1:LCP1:lcp1:PLS1:Pls1:PLS3:PLS1:PLS3:fimA:Pls3,AYTISVLSK;LEFSLVGVAGK;LSPEQILLR;MSSFGDSNLSDGVILIK;SFVGPSDVVEGNAK;SVPSTIDER;VYALPEDLVELK
Cnem132996-RA_True_0,#N/A:#N/A:#N/A:CA1:#N/A:actA3a:Act5C:Act42A:#N/A:#N/A,AVFPSIVGR;AVFPSIVGRPR;DLTDYLMK;DSYVGDEAQSK;IWHHTFYNELR;YPIEHGIVTNWEDMEK
Cnem123286-RA_True_0,cher:Flna:FLNA:FLNC:Flnc:Flnc:Flnb:FLNB:FLNB:abpC,EAGAGGLSIAVEGPSK;FIVNTVNAGSGSLAVTVEGPSK;GEVDIANEFNIYTR;VHAAGPGLER;VTAYGDGLR
Cnem077796-RA_True_95,TARDBP:TARDBP:Tardbp:TARDBP:tardbp:tdp-1:Dazap1:DAZAP1:RNP1:HNRNP,VTEDIGADELR;YGEVVDVFIPK
Cnem019927-RA_True_0,Myo15a:MYO15A:MYO15B:Myo7b:MYO7B:Arhgap39:ARHGAP39:MYO7A:Myo7a:hum-6,ILLLSGPLPELLK
Cnem052549-RA_True_0,KLH2:KLH1:#N/A:#N/A:#N/A:#N/A:#N/A:ODHCY:#N/A:#N/A,EAYTDYLTLNIPLGAK;EHGSTTGIPYWDWTAPGR;EMPWSNELLWK;FLPVGDDYNFPIENLVSLTNLHK;HDVTEAFNAAGVNTDHTVK;LFTVQFEQALK;NYLLGSSK
Cnem093553-RA_True_2,RSPH9:RSPH9:rsph9:Rsph9:rsph9,EYGSIYFGTGEK;GSGLLTLR
Cnem086750-RA_True_0,Tktl2:TKTL1:Tkt:TKT:TKT:TKT:Tkt:TKT:TKT:TKTL1,AFWDASHVK;AVELAANTK;LASPPSYK;LAYGTALVK;LFVPEIPR;SVPGSTVFYPSDAVSAER;VITVEDHYGEGGIGEAVAGAVSEYPDITVR
Cnem107636-RA_True_0,RPL11:RPL11:RPL11:rpl11:RpL11:rpl-11.1:rpl-11.1:rpl-11.2:rpl-11:RpL11,VLEQLTGQTPVFSK;YDGIILPGK;YTVRSFGIR
Cnem006524-RA_True_0,NA,TSEILPIWK;VTAAGYLAAMK
Cnem139333-RA_True_39,rpsa:rpsa:Rpsa:rpsa:RPSA:RPSA:RPSA:rpsa:RPSA:Rpsa,FASSTGSTPIAGR
A0A345S6Z8,NA,KEIGGDK
Cnem001276-RA_True_778,Grm3:mGluR:GRM3:GRM3:Grm3:GRM3:GPRC5C,FSSSLSSFTFILTSR;FSVYYTLR;GSDLYSALK;TIIEGMDSAFTK;YIVPLMPR;YTIYMFIINNDALSTK
Cnem073102-RA_True_0,PSMA4:Psma4:Psma4:PSMA4:Prosalpha3:pas-3:psmA4:PAC1:PAC1:OsI_021067,LLDEVSYSEK;LSADKVEIATLTR;TTIFSPEGR;VEIATLTR
Cnem084450-RA_True_0,Pnliprp1:Pnliprp2:PNLIPRP2:Pnlip:PNLIPRP2:Pnliprp1:PNLIP:Pnlip:PNLIP:PNLIPRP1,DMAEELLK;ESVSLPQSLDAR;FIVHGFLDNVK
Cnem068882-RA_True_0,Smpdl3b:SMPDL3B:Smpdl3a:SMPDL3A:Smpdl3a:SMPDL3A:sgmC,AVTQFTAPSVTPWR;VPDAHNPGIR
Cnem062192-RA_True_400,P100/11E:#N/A:alrA:Mflv_4205:yvgN:Tc00.1047053511287.49:AKR4C10:Mvan_2161:alrB:AKR1A1,MPIIGFGTYK;SFDTASVYR;VLSDPVVVAISTETK;VLSDPVVVAISTETKR
Cnem126654-RA_True_0,NA,GGSLLVSTGGYGDGGR
Cnem003940-RA_True_0,tardbp:TARDBP:TARDBP:TARDBP:Tardbp:HNRNP:HNRNPA1:RBG3:#N/A:Hrb87F,LVEEHFNFFLPK;VTEDITADDLR
Cnem145702-RA_True_230,NA,AVSGVSGVAIDTDGSTITSAR
Cnem076277-RA_True_0,ALPL:ALPL:ALPL:Alpl:ALPL:Alpl:#N/A:Alpi:Alpg:Iap,TNEPSLAEMTHK
Cnem113469-RA_True_41,ENKUR:ENKUR:ENKUR:Enkur,EFGEVPVYLTK;GAILDGLK;LEAQMKQLEK
Cnem032442-RA_True_163,cimip2b:SPMIP5:cimip2b:cimip2b:SPMIP5:Spmip5:CIMIP2B:CIMIP2B:Cimip2b:Cimip2a,DGAEVPGYK;LTAISYDPEVR;MVPGYTGYVPR;VDTTEVGLGK;VGGTYGHETSALSK;YTGYIPHR
Cnem006919-RA_True_0,arpc4:ARPC4:arx-6:arcD:ARPC4:arc4:ARC19,ELLLTPVVISR;ISAEEFLK;VLIEGSVNSLR
Cnem002244-RA_True_0,zip:Myh10:MYH10:Myh10:MYH10:Myh9:MYH11:MYH9:MYH9:Myh9,ADADFSLIHYADK;AQVEFAVEAISK;ATIAALEGK;DAEIVGMGAVAAVETVFGSR;ELDDLVSK;LAAERDQAERESR;LETELADLR;LQEELAAAER;LTDIIVQFQALAR;MISVLELDANLYR;NLEAELLR;TAVILEEK;YEILVPGAIPR
Cnem083761-RA_True_185,LCP1:Cp1:#N/A:LCP2:CTSL:CTSL:Ctsl:Ctsl:CTSV:LCP3,DWRDEGYVTPIK
Cnem031669-RA_True_0,rps13:RPS13:RPS13:rps13:rps13:RpS13:RPS13:RpS13:RpS13:RPS13,GLAADLPEDLYSLIK;GLTPSQIGVILR;LPAEDVEEQIYK
Cnem001689-RA_True_16,CYP-1:#N/A:PIG28:CYP:CYP19-2:CYPA:CYP:ppi1:PCKR1:cypB,HVVFGEVISGYDDVVK;HVVFGEVISGYDDVVKK
Cnem130040-RA_True_201,#N/A:#N/A:CAD1:C8A,AVSNYVMR;FAAMYVDTR;IEVPESAPLWMK;SYLDELER;VTFETSSSYFYSR;YVSDIAAFESATR
Cnem031616-RA_True_81,Hrb27C:dazap1:Dazap1:DAZAP1:HNRNPA2B1:HNRNPA2B1:Hnrnpa2b1:HNRNPA2B1:HNRNPA2B1:Hnrnpa2b1,GFGFLTFDSEDAVEAAVEEHYVDFSGK;VFVGGLSWDTDK
Cnem113015-RA_True_0,jockey\pol:RTase:Pol:#N/A:#N/A:#N/A:rnhA:rnhA:rnhA:rnhA,ALTATVTANIAANSK
Cnem110204-RA_True_0,Arf5:ARF4:arf4:ARF5:Arf1:ARF1:Os01g0813400:#N/A:ARF:ARF,LAESKDELFK;LGEIVTTIPTIGFNVESVEYK
Cnem113877-RA_True_0,AAEL006169:ctsd:ctsd:CTSD:Ctsd:Ctsd:CTSD:CTSD:CTSD:asp-4,AIADTGTSLLAGPSSEIEK;GFLLTPEQYVLK
Cnem040679-RA_True_0,RPL5:RPL5:RpL5:rpl5-a:RpL5:RPL5A:rpl5-b:RPL5:RPL5:RPL5,AYLDVGLAR;EGVTDYYAR
Cnem015106-RA_True_156,rpl-21:RpLP1:rla-1:#N/A:Rplp1:RPLP1:Rplp1:RPP1B:RPLP1:RPP1A,AANVSVEPYWPGLFAK
Cnem043486-RA_True_0,#N/A:Act5C:#N/A:actA3a:#N/A:actb:actb:actb:#N/A:actb,DLTDYLMK;DLYANTVLSGGTTMYPGIADR;DSYVGDEAQSK;GYSFTTTAER;IWHHTFYNELR;LDLAGRDLTDYLMK;SYELPDGQVITIGNER;VAPEEHPVLLTEAPLNPK
Cnem129081-RA_True_117,mig-17:MPII,IAQQLFSDWLR
Cnem036349-RA_True_35,Npc2a:ESR16:npc2:NPC2:Npc2:NPC2:NPC2:NPC2,TLDYKPILSVLQAYPAVNVFVK
Cnem053178-RA_True_0,par-5:14-3-3zeta:ywhab-b:ftt-2:YWHAB:YWHAB:YWHAB:Ywhab:ywhab:Ywhaz,AAAITNAEEAYSK;DSTLIMQLLR;TVEELVVFAK;YDDMAAAMR
Cnem063365-RA_True_0,HEXB:HEXB:Hexb:Hexb:HEXA:HEXA:HEXA:Hexa:Hexa:HEXB,GLETFSQLVYR;GLLLDTSR;VREDTVVHVWK
Cnem131002-RA_True_0,ahcy-b:ahcy-a:Ahcy:AHCY:ahcy-1:AHCY:AHCY:Ahcy:AHCY:Ahcy,ATDVMLAGK;GISEETTTGVHNLYK;HLILLAEGR;MYAAGDLK;TGVPVYAWK;TSSYSVGVHMLPK
Cnem139016-RA_True_0,NPEPL1:NPEPL1:Npepl1:lap-1:pepA:pepA:pepA:pepA:pepA:pepA,ATGYGVGLLTSLFGDR;GFGGIYGVGK;IISGEELAEK;LVLGDGVSYAVK
Cnem121334-RA_True_0,#N/A:Nca:HPCAL1:HPCAL1:HPCAL1:Hpcal1:hpcal1:hpcal1:HPCAL1:NCALD,FAEHVFR;LSIDEFIEGAK
Cnem044727-RA_True_0,TUBA1A:Tuba3a:Tuba1b:TUBA3:#N/A:TUBA1D:#N/A:TUBA1A:TUBA1B:TUB2,AFVHWYVGEGMEEGEFSEAR;AVFVDLEPTVVDEVR;DVNAAIATIK;EIVDLVLDR;FDGALNVDLTEFQTNLVPYPR;GHYTIGK;IHFPLATYAPVISAEK;LDHKFDLMYAK;LIGQIVSSITASLR;LSVDYGKK;TIGGGDDSFNTFFSETGAGK;VGINYQPPTVVPGGDLAK
Cnem001132-RA_True_0,HSPA8:Hspa8:HSPA8:#N/A:HSPA8:HSPA8:HSPA8:hsc71:Hsc70-1:Hsc70-4,DAGTIAGLNVLR;FDDPTVASDMK;MKETAEAYLGK
Cnem020508-RA_True_0,Rap1b:RAP1B:RAP1BL:rap1b:rap1b:rap1b:#N/A:rap-1:RAP1A:RAP1,INVLEIFYDLVR
Cnem020071-RA_True_0,TNNC1:TNNC1:Tnnc1:TNNC1:TNNC1,LSHLEFYR;SDIEDSFR
Cnem120877-RA_True_177,IDUA:Idua:IDUA:Pol:#N/A:#N/A:pol:jockey\pol:#N/A:RTase,DLVTQTAQR;GKVDHFWR;REEDPFYTMYDVPVK;YGIDYVIK
Cnem043373-RA_True_0,Arpc1a:ARPC1A:arpc1a-a:arpc1a-b:ARPC1A:Arpc1a:Arpc1b:Arpc1b:arpc1b-b:ARPC1B,IAWVGHDSSVSVVDATR
Cnem032591-RA_True_0,Napa:Napa:NAPA:NAPA:Napb:Napb:NAPB:alphaSnap:ASNAP2:snpA,AIEIYTDMGR;LEPFLTTLFLR
Cnem033263-RA_True_0,CSMD2:CUBN:CUBN:TLL1:TLL2:Tll1:Tll2:TLL1:Cdcp2:Cubn,IYDGSSVSDPLLGR;TGYLASSNYPK
Cnem038690-RA_True_0,RpL7:Rpl7:Rpl7:RPL7:RPL7:RPL7:RPL7:RPL7:rpl-7:rpl702,IAEPYVAWGVPNLK;LSSPLGGWR
Cnem058294-RA_True_91,y:y:y:y:y:y:y:y:MRJP3:MRJP1,FLELDWPSEAEK;YAYISDVSEGR
Cnem003861-RA_True_123,CFAP20:CFAP20:cfap20:cfap20:CFAP20:Bug22:CFAP20:CFAP20:CBG09753:C54C6.6,LPFLVMIIK;LYSEDELPAEFK
Cnem090396-RA_True_0,CD109:c3:CPAMD8:#N/A:#N/A:A1m:Mug2:Mug1:A1i3:C3,FDVTVTPPAIPLSSDTSFPITVK;TFTVDDYVLPK;VLELDNNVR
Cnem139252-RA_True_146,CRYZ:CRYZ:CRYZ:CRYZ:CRYZ:CRYZ:Cryz:Cryz:vat1:VAT1,VAAFGGPENLK;VLTINSLTGTYAEYTK;VSAAGVNPVDTYIR
Cnem123285-RA_True_0,FLNC:Flnc:Flnc:FLNA:FLNB:Flna:Flnb:cher:abpC:FLNB,AFGPGLTAGEADKPAVFTVDTR;ETIITVDASHAGVGK;GPGVSGTTPASLPAVFNVDTR;HTVTITFGLVMIPK;PAVFTVDTR;PSTEAPGVTDR;TAVFTIDTR;TTVLDVSGVR;VNDIAVFYVHTK;VTVEANIDVSK;WAEFTVDTR
Cnem014641-RA_True_0,gelsolin:AM:AG8:sevA:SCIN:Gel:VLN2:#N/A:GSN:VLN2,FYEGDSYIILNTYR;TSVTVTEVPMIR;TVELDTLLDDVPIQHR;VTHLPTDEYGK;VTSNDVFILDK
Cnem035345-RA_True_0,NA,FYEGDSYIILNTYR;TSVTVTEVPMIR;TVELDTLLDDVPIQHR;VTHLPTDEYGK;VTSNDVFILDK
Cnem165146-RA_True_66,RPS7:rps7:rps7:rps7:rps7:RpS7:RpS7:RpS7:RpS7:RpS7,ASLYELFITGAK;LETFTSVYK
Cnem108938-RA_True_0,RGP51:#N/A:#N/A:#N/A:#N/A:OV71:ifa-1:AV71:ifb-1:#N/A,GMDYADFWK;LLEGEETR
Cnem088112-RA_True_0,Scamp3:SCAMP3:SCAMP3:Scamp1:Scamp1:SCAMP1:SCAMP1:SCAMP2:SCAMP4:SCAMP4,GAAADAAAGAAK;TAVSGYTSSESRY
Cnem010118-RA_True_31,SRSF1:srsf1b:srsf1a:srsf1:SRSF1:SRSF1:Srsf9:Srsf9:SRSF9:rsp-3,DGTGVVEFLR;DIEDLFYK;SHEGEVAYIR;TRDIEDLFYK
Cnem135950-RA_True_0,BRAFLDRAFT_56888:Fuca2:FUCA1:FUCA1:Fuca2:FUCA2:FUCA1:Fuca1:FUCA2:FUCA1,ASGAQYVVLTTK;EGVIVPIFEER
Cnem029237-RA_True_0,UCH:UCHL3:Uchl3:UCHL3:Uchl3:UCHL3:Uchl4:Uch:uch1:UCHL1,TFLELTSSISPEER
Cnem128151-RA_True_0,DYNLRB2:DYNLRB2:Dynlrb2:DYNLRB1:Dynlrb1,GVTGTIVVNSEGIPIK
Cnem099316-RA_True_66,ATP6V1A:ATP6V1A:ATP6V1A:Atp6v1a:Vha68-2:VHAA:ATP6V1A:VhaA:ATP6V1A:Vha68-1,EASIYTGITLSEYFR;LAEMPADSGYPAYLPAR;LAHFYER;NIIAFYDMAR;NYADFVPLR;TVISQSLSK
Cnem068689-RA_True_0,TEKT3:TEKT3:Tekt3:Tekt3:TEKT5:TEKT5:TEKT5:Tekt5:tekt4:Tekt1,IGDISFWK;SYDTYPAPSPLR;VPPVFAAAR
Cnem028300-RA_True_0,cs:cs:cs:cs:cs:cs:cs:CS:CS:cs,EMNYYTVMFGVSR;GLVTETSVLDPDEGIR;LPTVAAIIYR;VGEVTVDMMYGGMR
Cnem074621-RA_True_234,RAB7A:RAB7A:RAB7A:rab7:RAB7A:Rab7a:RAB7A:avaA:YPT7:gtp-14,VIILGDSGVGK
Cnem147570-RA_True_0,hspe1:SJCHGC01960:HSPE1:Hspe1:Hspe1:CPN10:hsp10:#N/A:groES:HSP10,VLLPEYGGTK;VVEATVVAIGAGAR
Cnem003493-RA_True_0,Hil:ltd-1:KY:Ky,ASYSTLLEYIF;DLVWDLIFSK;FSDAELEGYVLHR;GSPEEVLMGLK;NIFTASAEYK;VEPLPTLPHGYLGK;VTAELPSK;VTLNANFGGDK;VVDVTGLYGR;YGLEFVTHR;YITEHDEGDVVK
Cnem007016-RA_True_0,DDX5:DDX5:Ddx5:DDX5:Ddx17:DDX17:DDX5:DBP2:Rm62:dbp2,GLDVEDIK
Cnem056267-RA_True_0,CalpB:CalpA:Capn9:CAPN9:Capn9:clp-1:CAPN2:CAPN2:#N/A:CAPN2,EGLDLLTIGYVIYK;NEFWSALLEK
Cnem033120-RA_True_78,Phm:pam-a:Pam:pam-b:Pam:PAM:PAM:pghm-1:pamn-1:DBH,SGDVLAGR;SLPEGVGIR
A0A6B9QJU3,NA,AAVSEALIR;AMEDILSR;FHSAVNSLK;LAVSMSVGVVAVK;NVGMDGELISAR;TPNGAPLIR
Cnem009082-RA_True_0,RPL4:rpl4-b:rpl4-a:RPL4:RPL4:RPL4:Rpl4:Rpl4:RPL4:RPL4,GETTSTSISLPAVFK;NIPGITLISVDR;YAITSAIAATGVPALVMSK
Cnem057133-RA_True_0,RPS12:RPS12:Rps12:rps12:rps12:RpS12:RPS12:RPS12:RPS12:rps1201,DYGMESPALDVVR
Cnem012176-RA_True_0,NARS:NARS1:NARS1:NARS1:nars-1:#N/A:DED81:asnS1:DED81:nrs1,IVFELNPDFKPPK
B0LC49,NA,FPGQLNSDLR;GHYTEGAELVDSVLDVVR;GHYTEGAELVDSVLDVVRK;LAVNMVPFPR
B0LC48,NA,FPGQLNSDLR;GHYTEGAELVDSVLDVVR;GHYTEGAELVDSVLDVVRK;LAVNMVPFPR
Cnem119076-RA_True_0,jockey\pol,EAETVLTR;EGLDVTELIFK;ISDFLVDYPAATK;LGPVDIDSQPIILYETFAK;TFDEFLEIWKK
Cnem123948-RA_True_92,lmna:LMNA:LMNA:Lmna:Lmna:LMNA:Lmnb1:#N/A:LMNB1:LamC,LLDETAK;SEYGGYEAR;STSSSSTAWEELTLAR;TLYESELAELR;TLYESELAELRK;YRAEYEDLLAK
Cnem140861-RA_True_0,chmp2a:chmp2a:chmp2a:CHMP2A:Chmp2a:CHMP2A:chmp2a2:VPS2.1:DID4:did4,ALEFLFGR
Cnem022863-RA_True_38,RPL6:Rpl6:RPL6:RPL6:Rpl6:RPL6:rpl-6:RPL6:RPL6A:rpl6,ASITPGTVLILLAGR
Cnem085679-RA_True_0,Septin2:SEPTIN2:SEPTIN2:Septin2:SEPTIN2:sept2-A:SEPTIN2:sept2-b:Septin1:sept2-B,ADTLTLLEVVTLK;IDASTVEIEER
Cnem045277-RA_True_0,#N/A,SGELWPGVGHFK
Cnem038881-RA_True_0,pi4k2b:pi4k2b:PI4K2B:PI4K2B:pi4k2b:Pi4k2b:Pi4k2b:Pi4k2a:PI4K2A:Pi4k2a,LGSETFNYSAIDR;LVVLDYIIR
Cnem120076-RA_True_70,ATPsynCF6:ATP5PF:ATP5PF:ATP5PF:ATP5PF:Atp5pf:Atp5pf:ATP5PF,LVDASPETESR
Cnem023556-RA_True_0,NA,AEVIGPDSIVPVR;KLGIEPIFSAK
Cnem035230-RA_True_0,WDR1:wdr1:Wdr1:wdr1-b:wdr1-a,GYLISVAMDDTVR;KLSTLPVK;LLIYNVDEWK
Cnem042116-RA_True_112,CALR:CALR:Calr:Calr:CALR:CALR:CALR:CALR:Calr:crt,FYALSGKFDK;TLVVQYTVK;VESGSLESDWDFLPPK
Cnem057679-RA_True_0,DYSF:Dysf:DYSF:myof:Myof:MYOF:FER1L6:Otof:Otof:OTOF,ELVDPYFVFAFAGK;WVLISDPEEATAGAK
Cnem006285-RA_True_0,RPS10:RpS10b:RpS10:Rps10:RPS10:rps10:rps10:RPS10P5:RpS10a:rps1001,VAIYEYLFK
Cnem050674-RA_True_10,NA,EFFSGPLDLSDPADTVK;EYHTYEDIPFPEVPPEVLK;FATYTGTK
Cnem013609-RA_True_0,PGK:PGK1:PGK1:Pgk1:PGK1:PGK1:Pgk1:PGK1:PGK:PGK1,FHLEEEGK;IAAAVPTIK;ILLIENLLEK;VDEMIIGGGMAFTFLK
Cnem097789-RA_True_0,Ctsf:CTSF:CL1:CG12163:#N/A:CCP1:RD19A:RD19B:RD19D:cprA,DGYYYIYR;ELGGIETESDYK;FADLSEEEFK
Cnem071201-RA_True_268,GRHPR:Grhpr:gyaR:gyaR:gyaR:gyaR:gyaR:gyaR:gyaR:gyaR,DVHEEAISLLK;ESLDVDIWLSDEVVPR;TLGILGFGR
Cnem005022-RA_True_0,ANXA13:Anxa13:Anxa11:ANXA13:ANXA11:Anxa4:ANXA11:Anxa4:Anxa3:ANXA4,DHLIEVFR;LLVSLLAAGR;SRDHLIEVFR
Cnem002314-RA_True_216,NA,AVMITSLGGFDK;AYEESWAVIK;ETLGEDFIAAVSR;EWQAESALFVGVIPK;HAVYAGVDGIGIGGAQVLR;IAMEGLSTSQALR;IFEAEHPLLK;LHVGSTAPTTYFLGR;NLYNVHVK;RIFEAEHPLLK;TPSVLDFSR;VTWDGASDTYPSK
Cnem114692-RA_True_109,NA,YATGTIAR
Cnem057966-RA_True_0,IAN10:IAN12:IAN7:IAN9:IAN8:IAN6:IAN1:GIMAP7:Gimap9:IAN4,LENLVTTGK;SAVSSYTISSFNK;TVSVVDGLSLR
Cnem141774-RA_True_0,ftt-2:14-3-3zeta:14-3-3zeta:YWHAZ:YWHAZ:Ywhaz:14-3-3zeta:YWHAZ:ywhab-a:ywhab-b,MLGDYNR;VVSSIESK
Cnem153535-RA_True_0,SYNCRIP:Syncrip:HNRNPR:Syncrip:A1CF:A1CF:A1cf:rbm47:A1cf:RBM47,DVFEDELIPLFEK
Cnem042554-RA_True_0,apex1:Apex1:Apex1:APEX1:APEX1:APEX1:APEX1:APEX1:Rrp1:apeA,ESFTATLR;ITEGIGIEK;LDYFLLSER;SSISESFADIDFSAK
Cnem001874-RA_True_0,EIF4A2:Eif4a2:EIF4A2:EIF4A1:EIF4A1:EIF4A1:EIF4A1:tif1:EIF4A1:tif-1,GIYAYGFEK;MFVLDEADEMLSR;TATFSIAILQK;VLITTDLLAR
Cnem054106-RA_True_0,DPP3:Dpp3:Dpp3:dpp3:DppIII:dpp3-1:YOL057W,GEFEGFVAVVNK;LASAATDVSEVPGYPEGK;SFSSGSLPAHK
Cnem006798-RA_True_93,yfeX:yfeX:RER_59910:dyp:MAP_0631c,LFELAQLLLR;LVDTVVDPALK;VMEGWVGR
Cnem044881-RA_True_0,lark:Rbm4:RBM4:RBM4B:Rbm4b:Rbm4b:RBM4B:RBM4:rbm4.1:RBM4,FGSIVEFDILK;LAELDSYADK
Cnem156068-RA_True_0,NA,FALLEGSLLK
Cnem086644-RA_True_0,HNRNPK:hrpk-1:PCBP2:Pcbp2:Pcbp4:PCBP4:PCBP4:Pcbp3:PCBP3:HNRNPK,DLAGAIIGK;LGLEGFSLGGGLDFGR
Cnem140933-RA_True_0,Fcn1:Fcn1:#N/A:TNXB:#N/A:FCN1:Fcn2:FCN2:Tnr:FCN1,GDVDFYRGWDDYK;GDVDFYRGWDDYKK;LASVSTFDPDLYVDTTK;LRGDVDFYR
Cnem095465-RA_True_110,PEPCK:PEPCK:Pck2:PCK2:PCK1:PCK1:PCK1:PCK1:PCK1:Pck1,GTLTTLTK;MMYIIPFSMGPVGSPLSK;VMITHFPEER
Cnem057698-RA_True_85,Spag6:SPAG6:ima-3:Kpna4:KPNA4:kapA:kpna5:cut15:Kpna3:Os05g0155601,ESAAWALGYIAR;YYSPGYSDTLLER
Cnem127755-RA_True_47,cfap77:CFAP77,DFTVAHALSGWAGTSPESR;SAALSSLDTDK;VYGLPSGTR
Cnem095464-RA_True_0,PEPCK:PEPCK:Pck2:PCK2:Pck1:Pck1:Pepck1:PCK1:PCK1:PCK1,FLWPGYGENIR;GTIDFSGLDSVDEGELFSLPK;KGTIDFSGLDSVDEGELFSLPK
Cnem033707-RA_True_0,BRAFLDRAFT_56888:FUCA2:Fuca2:Fuca2:FUCA2:FUCA1:FUCA1:Fuca1:FUCA1:FUCA1,RPAGVDILIPAIPFTK;STEFLSWLYTDSPVK
Cnem157608-RA_True_0,rbm4.1:lark:RBM14:Rbm14:RBM14:RBM14:RBM4B:Rbm4b:Rbm4b:RBM4B,GLADPYFR;IFLGNLSSDTTSEK
Cnem142541-RA_True_0,nuc-1:#N/A:DNASE2:DNASE2:Dnase2:Dnase2:DNASE2:crn-6:crn-7:DNASE2B,FGADLYDGLVAPK
Cnem013911-RA_True_0,Glyp:PYGB:PYGB:Pygm:Pygb:PYGM:Pygb:PYGM:PYGM:PYGM,DFYEMFPK;EIWGMEPSLVK;ENIFIFGMTVDEVEELFR;HLAILYEINSK;ILIDIENVPWDK
Cnem006144-RA_True_0,Cetn2:CETN1:CETN2:CETN2:CETN1:Cetn1:#N/A:#N/A:CEN1:#N/A,EAFDLFDADGSGTIDAK;ESTGTIDFNDFLTLMTLK;LFDDDETGK
Cnem051388-RA_True_179,GPX1:GPX4:GPX4:GPX4:#N/A:#N/A:GPX2:GPX4:GPXHA-2:GPX7,YVTEEFGIK
Cnem090437-RA_True_0,MDH1:MDH1:MDH1:MDH1:mdh1:Mdh1:Mdh1:mdh1:MDH1:MDH,DVDAAFMVGAMPR;WSVVQGLSISELAR
Cnem041953-RA_True_0,ABT:AAC2:ANT-G1:ANT:AAC3:PET9:AAC3:ANT1:Os02g0718900:MYCTH_2316753,GAGANILR;GVAGAGVLAGFDK;LGFAESFGLSGAAAVISK;SDGFVGLYR;TAAAPIER;TEGILPFWR;YFPTQALNFAFK
Cnem041963-RA_True_0,ABT:AAC2:ANT-G1:AAC3:ANT:AAC3:PET9:MYCTH_2316753:ANT1:Os02g0718900,GAGANILR;GVAGAGVLAGFDK;LGFAESFGLSGAAAVISK;SDGFVGLYR;TAAAPIER;TEGILPFWR;YFPTQALNFAFK
Cnem046940-RA_True_0,FUS:Fus:FUS:EWSR1:Ewsr1:TAF15:caz,AAIDWFDGK;GEATVTFDDPDTAK
Cnem042587-RA_True_70,Slc25a3:SLC25A3:Slc25a3:SLC25A3:SLC25A3:#N/A:F01G4.6:MPT3:MPT2:SPBC1703.13c,GIVPLWAR;SLGLLGMWK;VTVAEEGVR
Cnem067370-RA_True_0,ATP5PO:ATP5PO:Atp5po:ATP5PO:ATP5PO:Atp5po:ATP5PO:ATP5PO:ATP5PO:ATP5PO,YATALYSAASK
Cnem126381-RA_True_0,actr3-b:actr3-a:ACTR3:Actr3:ACTR3:actr3:ACTR3B:Actr3b:Arp3:arx-1,DITYFIQQLLR;NIVLSGGSTMFR;NPFTVDVGYER;VSEDLSAGR
Cnem097629-RA_True_0,#N/A:#N/A:#N/A:fth1-b:fth1-a:#N/A:#N/A:#N/A:FTH1:#N/A,EIADHITNLK
Cnem016229-RA_True_3,arf-1.2:arf-1.2:ARF3:#N/A:Arf1:ARF1:arf1:ARF2:ARF1:ARF,ILMVGLDAAGK;LGEIVTTIPTIGFNVETVEYK
Cnem153883-RA_True_165,COF1:ADF8:ADF9:ADF2:ADF9:COF1:ADF7:ADF4:ADF1:#N/A,LDWAVFQFSTDMK;SDIVLISWHPDGATVR
Cnem136769-RA_True_0,CCT2:Cct2:CCT2:Cct2:cct-2:cct2:cct2:CCT2:CCT2:CCT2,EAVAMEAFAK;LAAKTPGK;VADVTELGITESYQVK
Cnem040431-RA_True_0,RAB2:Rab2a:RAB2A:RAB2A:Rab2a:RAB2A:Rab2:RAB2B:Rab2b:YPTC4,DTFVHLTTWLEDAR;EHGLIYMETSAK;GAAGALLVYDITR;GAAGALLVYDITRR
Cnem092498-RA_True_0,NA,FVEVSSVSGHK;GTISIDFSK;MLLHTWDVETDTDK
Cnem057106-RA_True_0,RPS18:RPS18:rps18:rps18:RPS18:RpS18:RpS18:RPS18A:rps1801:rps18,AGELTEEEVER;ISFAITSIR
Cnem010823-RA_True_79,Hsp90b1:HSP90B1:Hsp90b1:HSP90B1:HSP90B1:HSP90B1:HSP90B1:HSP90B1:HSP90B1:enpl-1,EFKPLTDWLK;ELISNASDALDK;IHFTAEGEVTFK;LGVIEDTSNR;LIINSLYK;VFITDDFEDMMPK;VLFDTATLR;VLHITDTGIGMTK
Cnem099303-RA_True_59,Rsph1:rsph1:RSPH1:PIP5K2:PIP5K1:PIP5K6:RSP1:PIP5K8:PIP5K3:Morn1,GTYFYASTGSK;TSQDFTPDTSTSNMSESGSEDLDEEQEEYLGSYTGDRNDR;WEAGAITALHVK
Cnem101222-RA_True_40,Ddost:DDOST:DDOST:DDOST:DDOST:Ddost:ddost:DDOST:DDOST:ddost,EYGYDLTFK;ITSPILFR;TADDASLALVK
Cnem077980-RA_True_0,RpL18:RpL18:RpL18:Rpl18:RPL18:RPL18:rpl18-b:RPL18:RPL18:rpl18-a,AGGEILTFDQLALR;IAVVVGAITDDIR
Cnem057276-RA_True_0,EHD1:EHD1:Ehd1:EHD3:Ehd3:Ehd3:Ehd4:EHD4:Ehd2:Ehd2,LFELEEQDLFK;LLEVVDAMLATDIAR;NPVLDSITIVDTPGILSGEK;VLNTPEVAR;VYGALMWSLGK
Cnem112751-RA_True_338,MVP:mvp:mvp:mvp:MVP:Mvp:Mvp:MVP:MVP:MVP,ASVFGIDASSK;ELPPAVEALLTVDHVAER;GPAEYVPPVEVEVVMK;IEGEAAVEQARLKAQASK;IEIGPQTFIR;MVVVPPR;SFFLMPGEK;STLITDGSSPINLFTTGAGLIGGLIPSK;TFKDDFGVLR;TGAYLPGAYEEVVSVVDAYVLTEK;VPHNAAVQIYDYK;VVPANSALR
Cnem089932-RA_True_0,Lbp:LBP:LBP:BPI:Lbp:LBP:Bpi:Bpi:Bpifc:BPIFC,AYVTVVAGLGETR;FSSYGSVDLSLSR;ITIPDLSGSEGSK
Cnem138920-RA_True_0,GDI2:GDI2:GDI2:GDI2:GDI2:Gdi2:GDI1:Gdi1:GDI1:GDI1,FVSVVDLLEPVDDGK;GVEPTMTAK;IVLEDGHVVGVSDGK;LLIHTGVTR;LSAIYGGTYMLDKPIEK;LYSDSLAR;SPYLYPLYGLGELPQGFAR
Cnem047577-RA_True_114,gst-6:gst-7:GST1:gst-8:gst-5:gst-3:gst-4:GstS1:#N/A:OCTS3,AFWESDPDK;VASTDGFPLLQAHSK;YGQSIAIATYLAR
Cnem067287-RA_True_0,adrm1b:adrm1:Rpn13:ADRM1:adrm1-b:adrm1-a:ADRM1:Adrm1:ADRM1:Adrm1,LIPYLPEGEILPK
Cnem002698-RA_True_0,AMPH:Amph:AMPH:Amph:Bin1:Bin1:BIN1:Bin2:BIN2:BIN2,ALTTAVAETYEQEWTK
Cnem077192-RA_True_86,NA,ILYELPRPADK;VIVEAVSIHNDR
Cnem056707-RA_True_0,Sptan1:Sptan1:SPTAN1:alpha-Spec:SPTAN1:Spta1:SPTA1:SPTBN1:Sptbn1:Sptb,EAAELAAWITEK;VVALYDYTEK
Cnem116558-RA_True_190,CALR:CALR:CALR:CALR:Calr:Calr:CALR:CALR:Calr:crt,AGTIFDNILITDDVAYAEEFGK;VESGTLEEDWDFLPPK;VHVIFNYK
Cnem048333-RA_True_0,SPMIP1:Spmip1,IVESTFYTR
Cnem066441-RA_True_0,#N/A:calm:#N/A:#N/A:PCM2:#N/A:calA:#N/A:CALM1:PCM5,DTDTSLELK;HVMTNLGEK;MKDTDTSLELK
Cnem084291-RA_True_257,ACE:ACE:ACE:ACE:ACE:Ace:ACE:Ace:Ace:ACE,FPASGHIPAHILGNMWAQEWGNVVELVKPFANK;TAEDFFVSLGFDK
Cnem014391-RA_True_54,OLA1:Ola1:OLA1:Ola1:OLA1:ola1:OLA1:ola-1:ola1:CG1354,VPAFLNVVDIAGLVK
Cnem120308-RA_True_179,NA,DLLLPWTPIR
Cnem139290-RA_True_0,Eef1g:EEF1G:EEF1G:EEF1G:Eef1g:EEF1G:EEF1G:EEF1G:eef1g:eef1g-a,DPFAALPK;NAFGSMVILGESK
Cnem079778-RA_True_0,PYCR2:PYCR2:PYCR2:PYCR2:Pycr2:Pycr2:PYCR1:Pycr1:PYCR1:#N/A,GALIDAVEVATLR;LAAQTLLGAAK
Cnem032056-RA_True_32,VhaAC39-1:Atp6v0d1:ATP6V0D1:atp6v0d1:#N/A:ATP6V0D2:atp6v0d2:Atp6v0d2:ATP6V0D2:ATP6V0D2,AFIITINSFGTELSK
Cnem012291-RA_True_0,Npepps:NPEPPS:APM1:pam-1:Os02g0218200:Os08g0398700:Os09g0362800:Os09g0362500:NPEPPSL1:ape1,AGLTSAVDVLK;FTADGSPASEGYR;LNAGTMGVYR;RELEPVTSFLTVSA;VMYTSEMLEALVPAVK;YFGIAYPLPK;YTIGEEER
Cnem150208-RA_True_0,gst-6:gst-5:gst-9:#N/A:GST1:gst-8:gst-7:GstS1:GstS1:GST28,LVAAVGGVDYVDK;LVAAVGGVDYVDKR;LVPLKEEILPSK;LVPLKEEILPSKVPLLEK
Cnem016812-RA_True_0,ubq-1:Ubc:Ubi-p63E:UBC:Ubc:UBC:UBC:#N/A:UBC:UBC,EGIPPDQQR;ESTLHLVLR;TITLEVEPSDTIDNVK
Cnem116751-RA_True_0,TSPAN5:TSPAN5:CD82:Cd82:tspan36:Tspan7:tsp-21:Cd82:TSPAN7:TSPAN7,IATEMESTLVNR
Cnem028013-RA_True_102,RpL23-A:RpL23:RPL23:rpl23:RPL23:RPL23:RPL23:rpl-23:RPL23:RPL23A,LPAAGIGDMFVATVK;NLFVIAVSGIK
Cnem016316-RA_True_0,#N/A:#N/A:LOXHD1:Loxhd1:Pkd1l2:PKD1L2:PKD1L1:Alox12e:dennd5b,DNFGFASDWFVDK;ILIHVYTGDR;ILIHVYTGDRR;RAGTDATVR
Cnem007930-RA_True_0,Arsi:Arsi:ARSI:ARSI:Arsj:ARSJ:Arsb:Arsb:ARSB:ARSB,ATIWEGGVR;GVGLIHSPLLQK
Cnem031209-RA_True_84,Myef2:Hnrnpm:HNRNPM:Hnrnpm:SPAC328.05:MYEF2,FAEIVMDK;GVGDVTYVEMLETPEGK;LGMDSLGMGR
Cnem033924-RA_True_104,enoph1:BRAFLDRAFT_73099:ENOPH1:ENOPH1:Enoph1:enoph1:Enoph1:AGAP003331:enoph1:At5g53850,ALQEFVLR;RTAEEAESLLVGVK;SILLDIDGTTTPISFTEDTLLPHVR;TAEEAESLLVGVK;VEGVVEIPSGDATK
Cnem063892-RA_True_0,odad4:odad4:Odad4:ODAD4:ODAD4,ELLGELYEDK;GDFESALVFYHR;VEDLPEGSLK
Cnem073312-RA_True_0,ENTPD8:APY4:Entpd8:Entpd8:APY6:YND1:ENTPD8:Entpd3:Entpd4:APY5,ETLAYLYATAGMR;FLAIQGFTYAPIAFK;TFNPSLDK;TLLLHGTSDPER
Cnem130149-RA_True_0,PSMA2:Psma2:psma2:psma2:Prosalpha2:PAB1:PAB1:PAB2:pas-2:psmA2,GIGMVYSGMGPDFR
Cnem082568-RA_True_71,EEF2:Eef2:Eef2:eef2b:EEF2:eef2.1.L:EEF2:EEF2:EEF2:EEF2,AHMPVNESFGFTADLR;DLEEDHAGIPIK;FSVSPVVR;GPLMMYISK;STAISLYYELAAEDMK;STLTDSLVSK;VFSGVVSTGQK;VLYAAALTAQPR;YEFDVTEAR
Cnem130109-RA_True_0,#N/A:Hspa8:HSPA8:HSPA8:HSPA8:HSPA8:HSPA8:hsc71:Hsc70-4:hspa8,ARFEELNADLFR;DAGTISGLNVLR;FDDPTVASDMK;FELTGIPPAPR;IINEPTAAAIAYGLDK;IINEPTAAAIAYGLDKK;MKETAEAYLGK
Cnem053170-RA_True_114,Lrrc23:LRRC23:LRRC23:lrrc23:LRGUK:PPP1R7:ppp1r7:Ppp1r7:PPP1R7:Ppp1r7,LETLIGIR;LPGLTTIHLR;LSVLPLLR;LVTTDGIYLPK
Cnem115035-RA_True_0,CRABP2:crabp1:FABP12:CRABP2:crabp2:#N/A:Crabp2,AVEGSVMTAVTK;TVESYHYAEK
Cnem086243-RA_True_0,#N/A:MYH16:Myh7:Myh6:Myh6:MYH7:MYH7:Myh7:MYH7:MYH6,IAGADIETYLLEK
Cnem098673-RA_True_87,gnb2l1:RACK1:gnb2l1:#N/A:RACK1:Rack1:MIP11:cpc-2:rack-1:GBLP,DVLSVAFSADNR;LWDLVEGK
Cnem077785-RA_True_0,DNAH7:Dnah7:DNAH3:Dnah3:Dnah12:DNAH12:Dnah12:Dnah1:DNAH1:DNAH6,GILAMAETLMFEGTEIR;LVITPLTDR
Cnem085366-RA_True_0,RTase:jockey\pol:#N/A:pol,DLTATGFK;NPQVVVSPVVLDVEK;VNSIIIR
Cnem111583-RA_True_0,Dnah8:Dnah5:DNAH5:DNAH8:ODA2:DNAH17:DNAH9:DHC1:DNAH10:#N/A,DALDSIYDGR;GWALDTVVLSNEVTR;LAIDGTIIMSETLR;LGALEPLVIFLR;RTDLTYIAEVALK;TDLTYIAEVALK
Cnem118865-RA_True_0,Dnah5:DNAH5:DNAH8:Dnah8:ODA2:DNAH2:Dnah2:DHC1:DHC10:DNAH9,DALDSIYDGR;GWALDTVVLSNEVTR;LAIDGTIIMSETLR;LGALEPLVIFLR;RTDLTYIAEVALK;TDLTYIAEVALK
Cnem088922-RA_True_0,Atp6ap2:ATP6AP2:Atp6ap2,LLHPDSILK;TPDLLSFTLTGLR
Cnem001938-RA_True_0,B3galt1:B3galt2:B3GALT2:B3GALT2:B3GALNT1:B3galnt1:B3GALNT1:B3GALNT1:B3galnt1:B3GALT5,FTDLWDMVR;GFAVLMTR;GIMLDETGESLYAEGFSDR;INDVVFVDTDK;LDEKLLK;VSTEMFGK
Cnem052541-RA_True_0,KLH1:ODHCY:KLH2:#N/A:#N/A:#N/A:#N/A:#N/A:#N/A:#N/A,LHNIGASADVK;YDSLTLNGLTAAEIANLIK
Cnem016235-RA_True_0,TARS1:tars-1:Tars1:tars3:Tars1:TARS1:TARS3:Tars3:TARS3:ths1,LYGISFPEPK
Cnem159479-RA_True_0,RPL13A:RPL13A:RPL13A:RPL13A:RPL13A:Rpl13a:Rpl13a:rpl13a:RpL13A:RpL13A,LSHEVGWK;VVATLEAK
Cnem127190-RA_True_0,Psmc2:PSMC2:psmc2:PSMC2:Psmc2:rpt-1:psmC2:RPT1:RPT1A:RPT1,GVLLFGPPGTGK
Cnem102129-RA_True_402,HP1BP3:HP1BP3:HP1BP3:Hp1bp3:Hp1bp3,GIGMAGFYK;GLDAEVLLEK;YGETVPDAR
Cnem097522-RA_True_0,glod5:glod5:glod5:GLOD5:RDO1:GLOD5:STM3117:Glod5:glod5:gloA,IASLDHFVLTVK
Cnem016683-RA_True_0,T05H10.6:Pdha1:Pdha1:PDHA1:PDHA:PDHA2:PDHA1:PDHA1:#N/A:PDHA1,HGPILIETATYR
Cnem020750-RA_True_0,Mat2a:MAT2A:Mat2a:MAT1A:MAT1A:Mat1a:Mat1a:sams-3:sams-4:sams-5,SIGYDASIK;VIRPVIPAK
Cnem086043-RA_True_38,VHA14:Vha14:Vha14-1:Vha14:AAEL002464:Atp6v1f:ATP6V1F:ATP6V1F:atp6s14:vha-9,GMYSVEDFR;NTSIGEIEETFR
Cnem057820-RA_True_0,mtSSB:Ssbp1:SSBP1:ssbp1:ssbp1-a:SSBP1:SSBP1:SSBP1:ssbp1-b:Ssbp1,LFVEGSLSYVK
Cnem101217-RA_True_0,ywhaba:14-3-3zeta:#N/A:YWHAB:par-5:YWHAG:YWHAG:ywhab:ywhabb:ywhag-b,DSTLIMQLLR;ESFDDAISDLEK
Cnem042945-RA_True_83,cof1:COF1:Cfl1:Cfl1:CFL1:CFL1:COF1:#N/A:ADF11:ADF5,SHIMYTTSK;YVMMAIDSADGLIK
Cnem016343-RA_True_0,#N/A:ALOX5:Alox5:Alox5:ALOX5:Alox12b:ALOX12B:Alox8:Alox12b:#N/A,ASEILIHVYTLDR
Cnem037977-RA_True_31,ncl:NCL:NCL:NCL:Ncl:Ncl:NCL:NCL:NSR1:blt801,GFGFVEFADK
Cnem095420-RA_True_0,ift46:IFT46:IFT46:Ift46:Ift46:SJCHGC08984:IFT46:dyf-6,LKPFIPDYIPAVGDIDAFIK
Cnem091478-RA_True_77,PNKP:Pnkp:F21D5.5:pnk1:MIMI_L469:#N/A:ZDP:BHLH140,IAGFDIDFTIIK;SLSLYVGDAAGR
Cnem028230-RA_True_0,RIBC2:RIBC2:Ribc2:RIBC1:Ribc2:RIBC1:RIBC1:Ribc1:Ribc1,EWDLYDPDALKK;LYDLKQKQLDQR
Cnem130825-RA_True_0,#N/A:#N/A:C6:C6:C6:C6:C6:CAD1:C8A:C8a,AVSNYVMR;GSPALVDSEVDVLGR;SYLDELER
Cnem002776-RA_True_0,Ctbs:Ctbs:CTBS:ctbs2:ctbs1:CTBS:ydhD:ykvQ:CHIT1:yvbX,ETMFAALPSR;GVGMWNIDSLDYSDSAVGR
Cnem135247-RA_True_66,PKM:PKM:Pkm:PKM:PKM:Pkm:PKM:pkm:PKLR:PKLR,AVSGFSEPRPVAIALDTK;ITVDDAYMEK;MIVSGMNIAR;TGLIDGSGTAEATLVTGESIK
Cnem090027-RA_True_10,Slc3a1:Slc3a1:SLC3A1:CPM1:Mal-A3:Mal-B1:Mal-A1:Mal-B2:Mal-A2:MAL1,LDDGTSMGDGVGK;LLFGTVLHASK;LSYITGDLGIK;NYVGTLSLLEDLR
Cnem021382-RA_True_0,HSP110:Hspa4:HSPA4:Hspa4:HSPA4:HSPA4:#N/A:HSPH1:HSPH1:Hsph1,AVVGIDLGTFSSYIAAAR;ILNDTTAVALAYGIYK;VVDVVVSVPAFFTDK
Cnem120259-RA_True_0,CCT6A:CCT6:Cct6a:CCT6:CCT6A:CCT6:CCT6B:CCT6B:Cct6b:cct-6,IITEGFELAR;TAMDTTLVR
Cnem022103-RA_True_0,RPL12:Rpl12:RPL12:Rpl12:rpl-12:rpl1201:RPL12A:RPL12A:RPL12C:rpl-12,DFTAAIIGDTMEQAGVMPYINFRFQFGAVGGEVPATSSLAPK;VEVVPSAAAMIIR
Cnem147571-RA_True_86,HSP60:groEL:groEL4:groEL1:groEL1:groEL5:groEL1:groEL1:groEL:groEL,AAVAEGIVPGGGTALLR;ALMLQGVDLLTDAVAVTMGPK;SIGELISSAMK
Cnem126084-RA_True_0,NA,FCCQNEDPPHMVIDLPNDHAFRWIAYGSCPQVR;VTTPGFGGAR
Cnem014648-RA_True_0,cher:Flna:FLNA:Flnb:FLNB:Flnc:Flnc:FLNC:FLNB:abpC,VEGAAGDPTK
Cnem054810-RA_True_50,ak8:ak8:Ak8:AK8:AK8:Ak8:AK8:ak8:adk:ADK1,IIVLGPPASGK;IPPEFATYAEK;VFFLDIPTDSVIER
Cnem084788-RA_True_0,ps:NOVA1:Nova1:NOVA2:Nova2:Nova1:NOVA1:BTR1:PCBP3:Pcbp3,CITVAGQLLTCLLSVLDLWIRVYTDGSAQNAVR;ILVPSVAAGAIIGK;VVSITGTVGGITR
Cnem013215-RA_True_0,SCAMP1:Scamp1:Scamp1:SCAMP1:SCAMP2:SCAMP3:SCAMP3:Scamp2:Scamp3:scamp5-a,GAAADAAAGAAR
Cnem156112-RA_True_60,CRYZ:CRYZ:CRYZ:CRYZ:CRYZ:CRYZ:Cryz:Cryz:adh:ZTA1,DAAGVVEAVGEGVTEFK;DLDLLAFR;IGWLVPVVAK
Cnem003859-RA_True_46,Vps4a:VPS4A:VPS4B:VPS4B:VPS4B:Vps4b:VPS4:vps4:VPS4:VPS4,GILLFGPPGTGK
Cnem073983-RA_True_0,NA,GYISPTEYTAMLR;TVAILDTAR
Cnem139226-RA_True_0,RPS23:rps23:RPS23:rps-23:rps-23:RPS23:RpS23:RPS23:RPS23:RPS23B,VANVSLLALFK
Cnem024383-RA_True_151,RAB5C:RAB5C:RAB5C:RAB5B:Rab5c:RAB5B:RAB5C:Rab5a:Rab5a:RAB5A,LVLLGESAVGK
Cnem040570-RA_True_0,ACTR1A:Actr1b:ACTR1B:ACTR1B:Arp1:ACTR1A:#N/A:ro-4:arpA:act1,EGFDFHTSAEFEVVK;IMAGALEGDIFLGPEAEEHR;TLYSNIVLSGGSTLFK
Cnem015162-RA_True_0,scu:HSD17B10:HSD17B10:Hsd17b10:Hsd17b10:MT1177:IDOLDH:fabG2:fabG:TS2,GAIVGMTLPIAR;VVTVAPGLFDTPLLAYLPEK
Cnem054620-RA_True_0,F37C4.5,IFYYGMIR;LFLSTAEPSIGGTIPTLPATQLSIK;VLDFDAKK;YVTEDDATVTEK
Cnem130271-RA_True_0,NAPA:Napa:Napa:NAPA:Napb:Napb:NAPB:ASNAP2:alphaSnap:#N/A,LDPFLTTLLLR
Cnem114891-RA_True_206,CAT:Cat:CAT:CAT:Cat:CAT:CAT:CAT:CAT:Cat,AHPVPEGLTTESGAFVGNK;DAILFPSFIHTQK;DFNPFDLTK;FPLIPVGK;GAGAFGEFEVTHDISK;LFAYNDTHR;LVSADPDYSIR;SASASVGPR
A0A6B9QKL4,NA,DWPAEHGDSAHAPFAPMRLGSLR
Cnem128634-RA_True_0,CEP135:Cep135:cep135:Tsga10:TSGA10:Tsga10:TSGA10,IATEASLSDR;LLVEETEK;NVELEGDVER;SLLDKFER;SVSEELELAR
Cnem024005-RA_True_185,F40A3.3:MRPL38:MFT1:MRPL38:MRPL38:a5:Mrpl38:Mrpl38:TES-26:MFT,LVGLSVFR
Cnem108221-RA_True_0,Khc:#N/A:#N/A:Kif5b:Kif5b:KIF5B:Kif5c:KIF5C:Kif5c:KIF5A,GLEETVAK;LEEEFTIAR;LYLVDLAGSEK;MATLTETIK;VVEMMSSLLK
Cnem098038-RA_True_0,Flo2:flot2a:flot2:Flot2:FLOT2:FLOT2:FLOT1:FLOT1:FLOT1:Flot1,IAAEVSAPLSK;LIGAAEAAAIEAVGK;MGIEILSFTIK
Cnem022400-RA_True_0,SERPINB10:SERPINB1:Serpinb6:SERPINB1:SERPINB1:Serpinb1a:SERPINB6:SERPINB6:SERPINB6:SERPINB6,FEITSTYMLK;FTAVELLYK;MVLVNAIYFK
Cnem074176-RA_True_60,Phb1:PHB1:PHB1:Phb1:phb-1:PHB1:phbA:phb1:PHB4:PHB3,AAELLAHAFGK;IYTNLGIDYDER;VLPSITAEVLK
Cnem012175-RA_True_0,NARS:NARS1:NARS1:NARS1:nars-1:#N/A:DED81:nrs1:DED81:asnS1,EGEVYEPVAK;IVVENDPSLPTPTEIK;NLMFVVLR
Cnem142349-RA_True_0,#N/A:F13A1:F13a1:#N/A:TGM1:TGM1:F13a1:Tgm1:TGM1:Tgm1,DDTVYMEDESLLK;EYILNETGK;GTYVEFILSDDDLPK;LIFEAGEKPLASK;LYWKPDER
Cnem140505-RA_True_22,Tomm20:TOMM20:tomm20b:tomm20:tomm20:tomm-20:tomm-20:TOMM20L:Tomm20l:tom20,LAAAGGGPESR
Cnem108637-RA_True_56,KLH1:KLH2:ODHCY:#N/A:#N/A:#N/A:#N/A:#N/A:#N/A:#N/A,DPLYLDTAR;TFLHSTPTNIYAYEK
Cnem111590-RA_True_0,Dnah5:DNAH5:Dnah5:DNAH8:Dnah8:ODA2:DHC10:DNAH2:DHC1:DNAH10,AVLGILHTAR
Cnem112078-RA_True_139,Mal-B2:Mal-B1:#N/A:Mal-A3:Mal-A1:MAL1:Mal-A2:SLC3A1:Slc3a1:Slc3a1,TSATMSSIR;YLGVDSFWLSPVYK;YMVIELYAEPK
Cnem048271-RA_True_0,GSR:GSR:Gsr:gsr-1:gsr:Gsr:gor:gtr-1:garB:gor,IVGHAAFIDDR;TVTENLETGGVK;YLLTPVAIAAGR
Cnem140977-RA_True_186,Rbm45:RBM45:Rbm45:Celf4:CELF4:tnrc4-b:tnrc4-a:CELF3:CELF3:CELF6,FGTIEDVWIIK
Cnem108638-RA_True_0,KLH2:KLH1:ODHCY:#N/A:#N/A:#N/A:#N/A:#N/A:#N/A:#N/A,AGTFSILGGELEMPFVFDR;EIFSQYLYR;IWAVWQELQR;PFTSLPELIK;YSLSSLEYSAYDPIFFIHHSFTDK;YSRPADVFDYR
Cnem100140-RA_True_22,PPP2R1A:PPP2R1A:PPP2R1A:PPP2R1B:Ppp2r1b:PPP2R1B:Ppp2r1b:Pp2A-29B:paa-1:PP2AA2,LSTIALALGVER;SALASVIMGLSPILGK
Cnem012293-RA_True_0,VIL1:VIL1:AVIL:VIL1:Avil:Avil:VIL1:Vil1:SCIN:GSN,GLTFEELKK;MVIFEGGK;VAVGDTEYAGPGDK;VVEGAEPSDFK
Cnem022942-RA_True_0,LRRC43,DIILSDLLTLR;LSEDRSVNNSK;NKEPEKAK
Cnem007532-RA_True_290,rost,PDGLSAMVR
Cnem048733-RA_True_0,ropn1l:ropn1l:ROPN1L:Ropn1l:ROPN1L:ROPN1L:Ropn1:ROPN1:Ropn1:ROPN1,DVLAWSAAYFGALAR;FLALAASVLGDNVTDALR;TDSGLTPGLLK
Cnem082889-RA_True_155,CadN:CadN2:hmr-1:#N/A:FAT1:Fat3:Fat3:FAT3:Fat2:Fat2,LEGITADEFVKPTK;LLEGATAVR;TATSDIFTIR;TFTYVSPGNLK;TYIGTVIVK;VFDAGDTITSDSK;VYVEDADDWDLPDK;YEYYIDPTTGIVTTR;YEYYIDPTTGIVTTRK
Cnem057324-RA_True_0,LGALS4:lec-1:GAL-1:Lgals6:Lgals4:LGALS4:Lgals4:lec-3:LGALS7:LGALS8,GEAYFYGVK;IPFEVEIVNK;LPGSFGDGSWVK
Cnem054478-RA_True_0,CLTC:CLTC:Cltc:Cltc:Chc:CLTCL1:chc-1:chcA:Os11g0104900:Os12g0104800,DAMTYAGESR;HELIEFR;LLLPWLETR;TADPTLALSVYLR;VANIELYYK;VGFTPDYIFLLR
Cnem150528-RA_True_0,Psmc3:PSMC3:Psmc3:psmc3-a:psmc3-b:rpt-5:TBP1:TBP1:RPT5B:RPT5A,DSYLILETLPAEYDSR;GVLLYGAPGTGK
Cnem086751-RA_True_114,TKT:Tkt:Tkt:TKT:TKT:Tktl2:TKT:TKT:TKTL2:TKTL2,LTSDLEGHPTPR
Cnem038568-RA_True_0,yajO:dtxS3:vrdA,DVVPSVIIGAR;LSYPYEMVYR;TFDIIDVAADIGK;TFDIIDVAADIGKK
Cnem143895-RA_True_0,#N/A:alphaTub84B:TUBA1A:Tuba3a:TUBA1C:TUBA1C:TUBA1C:TUBA3:TUBA1D:alphaTub84D,AFVHWYVGEGMEEGEFSEAR;AVYVDLEPTVIDEVR;DVNAAIATIK;EIVDLVLDR;LSVDYGKK;TIGGGDDSFNTFFSETGAGK;VGINYQPPTVVPGGDLAK
Cnem027599-RA_True_3,Tufm:TUFM:Tufm:TUFM:TUF1:tuf1:tuf:tuf:tuf:tuf1,ALEGGDDALGVAK;DLLMPGEDGK
Cnem057680-RA_True_0,MYOF:Myof:myof:DYSF:Dysf:DYSF:FER1L5:Fer1l5:otof:Otof,DLLAADDTGLSDPFVR;TPVLQWYSITR
Cnem116125-RA_True_0,CFDP2:Pol:CFDP2:#N/A:#N/A:RTase:pol:F52C9.6:RXLR78,SFNIDPSPIQVPGLVSVSMAVDVTK
Cnem015741-RA_True_0,GPI:GPI:GPI:GPI:GPI:GPI:Gpi:Gpi:GPI:Pgi,DAMFSGEK;DGPLLVDYSK;SVLHIALR;VLASAILPELSSTDEVK
Cnem086127-RA_True_0,Pdhb:Pdhb:PDHB:PDHB:PDHB:Pdhb:pdhb-1:PDH2:pdb1:pdhB,TFYMSSGTVPVPIVFR
Cnem115250-RA_True_0,EPB41L1:Epb41l1:Epb41l1:EPB41L3:Epb41l3:#N/A,IGYDPATEK;TPYGPPYGK
Cnem030830-RA_True_0,GRM3:Grm3:GRM3:Grm3:GRM3:Grm2:Grm2:GRM2:Grm7:GRM7,FIVEFEDHWIR;FSLAQLQFR;FVVVVYDSDDYGR;GMVFLEAIR;IVLIGTSAWGTDDLLVK;LMYEVEGVINAIR;SGSELNPR;TIPSDSVVVR
Cnem021896-RA_True_0,Ppp3ca:Pp2B-14D:PPP3CA:PPP3CA:CanA-14F:Ppp3cb:Ppp3cb:PPP3CB:CanA1:PPP3CC,LFEVGGPPGTTR;VTMSEAFDASR
Cnem121776-RA_True_0,#N/A:ATP1A1:#N/A:ATP1A2:ATP1A2:ATP1A1:ATP1A1:atp1a1:ATP1A2:ATP1A1,GVGIISEGSK;LIFDNLKK;TVEDIAAER
Cnem132895-RA_True_0,Atpalpha:ATP1A3:ATP1A3:Atp1a3:#N/A:ATP1A1:ATP1A1:#N/A:ATP1A1:ATP1A1,GVGIISEGSK;LIFDNLKK;TVEDIAAER
Cnem075586-RA_True_0,RpS4:RpS4:RpS4:RPS4X:RpS4:RPS4:RpS4:rps4:rps4x:rps4,DALGHTFATR;YALSYQEVK
Cnem054618-RA_True_0,F37C4.5,LSTIPSDYTEHK;TSIFLDNSFVAK;VTVAIIDLKPTLTYLTVPK
Cnem144188-RA_True_0,Gimap4:GIMAP7:GIMAP4:IAN13:Gimap9:IAN7:Gimap4:IAN12:Gimap1:GIMAP8,SILCNTSLSMNIR
Cnem020096-RA_True_0,CML33:Slc25a24:SLC25A24,ADLDAVFTLGDANK;DGEITEVEFK;LDAAFATHEDALYK;TEGETYFLGFDTNK
Cnem012046-RA_True_0,Mo25:CAB39:Cab39:CAB39L:Cab39l:mop-25.2:pmo25:DEE76:At5g47540:At4g17270,ILLNSPEFYK;LLGELLLDR
Cnem167001-RA_True_0,Ace:ACHE1:BCHE:ACHE:BCHE:BCHE:BCHE:Bche:BCHE:BCHE,EAIMFYYK;ESHTASGIIQFGFVPIVDGVLLR;KVDIFYGIPYAEPPLGELR;MALEWVSR;SLPYTSIVLGK
Cnem069211-RA_True_0,GlnRS:OVA9:Qars1:QARS1:QARS1:Qars1:qars-1:qrs1:#N/A:glnS,LFTLTALR;LNLSYTVVSK;VVISNLPSDFPK
Cnem080398-RA_True_4603,#N/A:#N/A:DNAH17:Dnah17:DNAH9:DNAH11:DNAH11:ODA4:DHC10:Dnah2,ELAPPMPIIFIK;GLEDNLLAR;GYLDAVER;SFEESSPATPIFFILSPGVDPLK
Cnem064709-RA_True_0,NME5:Nme5:nme5:At1g17410:nme6:ndk:ndk:ndk:ndk:ndk,ADEIEDIILR;TLAIIKPDVLHK
Cnem097270-RA_True_0,beta-Spec:SPTBN1:Sptbn1:Sptbn2:SPTBN2:SPTB:Sptb:SPTBN4:SPTAN1:alpha-Spec,FLTTIIVTDDVEELAIMK;LIDALSLYK
Cnem147347-RA_True_413,D3Ertd751e:zgc:77739:C4orf33:#N/A:TEgg072n04.1,FNAYAIHGEGTNR;IYESLHPATWK;LDQPDFHR;VLNDYKPNEVSEIWRPYVTI
Cnem080401-RA_True_0,#N/A:#N/A:DNAH17:DNAH9:Dnah17:DNAH11:DNAH11:ODA4:DHC10:DHC1,NLMETALEFYK;TLLPLPVGADR;YEEMMALLR
Cnem082927-RA_True_0,#N/A:SCGQA:#N/A:Gnaq:GNAQ:Gnaq:GNA11:GNA11:Gna11:GNA11,LLLLGTGESGK;VPTTGIIEYPFDLDSIIFR
Cnem071196-RA_True_94,GRHPR:gyaR:Grhpr:gyaR:gyaR:gyaR:gyaR:gyaR:gyaR:gyaR,DIDAHFTDFEGLIK;ILYTDVQEVSYAR;IQEGVSIVR;NAMAEIAAR
Cnem041882-RA_True_0,IQGAP1:Iqgap1:IQGAP3:IQGAP2:Iqgap2:rng2:IQG1:IQG1:SPBC17D1.07c:MYO1A,ALTMDENPSLAVVR;EVLAAAVEESSK;IDAALLSGDR
Cnem047770-RA_True_0,Paics:PAICS:AIRC:PAICS:Paics:Paics:pacs-1:purC:purC:purC,ILAAYEGEGIPTVFIAVAGR
Cnem144202-RA_True_0,GSPT1:Gspt1:Gspt2:GSPT2:GSPT2:SUP35:SUP35:SUP35:SUP35:SUP35,EHLNVVFIGHVDAGK;GPSLLEYLDSLPPISR;LVMMPNKAVVK
Cnem083438-RA_True_0,NA,DYHSLPPLTR;FYNEEDYEK
Cnem144080-RA_True_0,#N/A:PEPM:ppm:pphA:bcpB:fom1:Dml:mmgF:bll5266:prpB2,GPVVLVPTTYYK;LKEPTEILDFLK;VEALIAGWGVDEALK;VEALIAGWGVDEALKR
Cnem050670-RA_True_0,NA,VLLIDHVAELHK;YITSTVTIK
Cnem014069-RA_True_85,#N/A:HSPA5:Hspa5:HSPA5:Hspa5:HSPA5:HSPA5:HSPA5:HSPA5:hspa5,DAGTIAGLEVVR
Cnem068009-RA_True_0,vcp:vcp:vcp:Vcp:VCP:VCP:TER94:VCP:CDC48:CDC48E,AHFEEAMK;AVANETGAFFFLINGPEIMSK;DVDLEYLAK;EVDIGIPDATGR;IVSQLLTLMDGLK;NSPAIIFIDELDAIAPK;PYFLEAYRPIK
Cnem075943-RA_True_34,GOT1:Got1:GOT1:GOT1:GOT1:GOT1:GOT1:GOT1:GOT1:Got1,HVFLLSSGR;LGTPGNWDHIIR;NFGLYNER
Cnem151967-RA_True_0,yajO:vrdA:dtxS3:MYCFIDRAFT_87468:NECHADRAFT_45914:AMT2:SPAC750.01:AFTS1:yccK:tas,DVVSSVIIGAR;SEGIAVLPWSPLK;SIPQVAIR
Cnem038553-RA_True_0,NA,DVVSSVIIGAR;SEGIAVLPWSPLK;SIPQVAIR
Cnem035940-RA_True_0,MVP:mvp:mvp:mvp:MVP:MVP:MVP:Mvp:Mvp:MVP,DLPPAVEGLLGIEHLADVR;SFFLMPGEK;TFKDDFGVVR;VPHNAAVQIYDYK
Cnem027114-RA_True_118,Casp7:CASP7:CASP7:CASP7:CASP3:CASP3:CASP3:CASP3:CASP3:CASP3,TLDVLTMMTR
Cnem144785-RA_True_0,cct4:CCT4:CCT4:CCT4:Cct4:#N/A:Cct4:cct4:cct4:cct-4,ALIAGGGAPEIELSLR;DAVSDLALHFLAK;LGGTVEDTELIDGLVFTSR;LVLEEADR;PIATVTELR
Cnem024161-RA_True_0,Usp5:USP5:UBP5:USP13:USP13:Usp13:usp13:USP13:UBP14:usp13,FAFGLLSGEYSK;LLTDGDLDNNAER
Cnem039551-RA_True_562,CHIA:CHIT1:Chit1:Chia:Chia:Chil4:CHIA:Cht10:Chi3l1:Chil3,ILLSLQTGFPSVVGADTTTVTR;MGIPSGNLLLGIPLYGR
Cnem146815-RA_True_0,#N/A:#N/A:Fdh:ADH5:#N/A:#N/A:#N/A:#N/A:ADH5:Adh5,IFGIDINPDKFETAR;SFGATDFINPK;SNNSTEIADLR
Cnem091881-RA_True_0,usf:aq_1997:tfdEI:YPO3787:SSO2087:tcbE:sll1298:ysgA:cmbl:ysgA,EAYELSFSR;EDYEPFYAK;TNFVTVVPDLYR
Cnem048325-RA_True_0,copg2:copg2:COPG2:Copg2:copg2:COPG2:copg2:COPG1:COPG1:Copg1,SIATLAITTLLK
Cnem068563-RA_True_0,Flna:FLNA:Flnb:FLNB:Flnc:FLNC:Flnc:cher:FLNB:abpC,AVTAHISPTTTPGYK;MTGVFDPELFK;SSVYGSVVDGPHVSIR;VEAIAPTGR;YVEPIPEPR
Cnem062860-RA_True_9,CCT1:TCP1:TCP1:TCP1:TCP1:TCP1:Tcp1:TCP1:Tcp1:cct-1,FATEAAITILR;IIASDADFFANMVVDAITAVK;SIHDALSVVK;WVGLDLYEGVVR
Cnem054954-RA_True_0,ufm1:Bm1_46275:Ufm1:UFM1:ufm1:UFM1:UFM1:ufm-1:UFM1:ufm-1,VLSVPDAAPFTAVLK
Cnem062959-RA_True_11,AOX1:alxA:aox1:AOX:AOX1:AOX:AOX1:aox:STO1:AOX1,FVGYLEEEAVK;GAVVCGGKCNSLMSMMISSASSTRTLSTATHGSLACLSAQR;GSFDLFSGFK
Cnem134132-RA_True_0,DDAH1:Ddah1:Ddah1:DDAH1:Ddah2:Ddah2:DDAH2:DDAH2:PA1195:ykgA,VGGTIGSLAILITR
Cnem128052-RA_True_0,Hil:ltd-1:KY:Ky,DLVWDLIFSK;FAGVHAVVLTGYAK;FSDADLEGYVLHR;GSPEEVLMGLK;NIFTASAEYK;VEPLPTLPHGYLGK;YGLEFVTHR
Cnem062857-RA_True_143,VhaSFD:#N/A:ATP6V1H:ATP6V1H:Atp6v1h:ATP6V1H:vha-15:vha-15:vha-18:vha-18,DLSSLDEYITEVK;DNPSQFAIVFR;GNIIPVLADILSDAVK;LLDTSKDPLVLSVAAHDIGEYVR;MLMEGISR
Cnem062674-RA_True_217,FUBP3:Fubp1:FUBP1:Fubp1:Khsrp:KHSRP:Khsrp:BTR1:Tdrkh:TDRKH,ELVLELLAEK
Cnem052397-RA_True_0,MXRA5:HMCN1:#N/A:LRIG1:SDK2:Sdk2:Igsf10:Pxdn:CEACAM1:Nrcam,VVEINVILLDR
Cnem032385-RA_True_0,TALDO1:TALDO1:Taldo1:Taldo1:TALDO1:TALDO1:Taldo:tal:tal:tal,LASTWEGIQAAR;SFEPLEDPGVK;TVVMGASFR
Cnem082235-RA_True_0,NA,FLADLEPSEPVPFMYIK;ISSGSNCIGNLR;LANVASDTDFGLLGK
Cnem080398-RA_True_0,#N/A:#N/A:Dnah17:DNAH9:DNAH17:DNAH11:DNAH11:ODA4:ODA11:DNAH6,DLANVSGDGPK;LDLAGLYR;LLFEISHLR;SFEELPEEVVFK;SVLVVAGALK;VAELEETLAK;VVQLEELFEVR;YFLDLLVETR
Cnem159276-RA_True_0,Hnrnpul1:HNRNPUL1:HNRNPU:Hnrnpu:Hnrnpu:HNRNPUL2:Hnrnpul2:tofu-2:ddx1:DDX1,AVVVLPSDEVFK;YESDLNLR
Cnem084984-RA_True_0,CAPN12:CalpA:Capn8:Capn8:CAPN2:CAPN2:CAPN2:CAPN2:CAPN8:CalpB,FILESADYIIVPYTSR;IHTALVDLTGGLGEMVPLK;LTEENYYEISPR
Cnem028335-RA_True_0,GlyRS:GlyRS:GARS1:GARS1:Gars1:Gars1:gars-1:GRS1:At1g29880:grs1,ADHLIEATFEK;TLHVEEFVPSVIEPSFGVGR
Cnem041964-RA_True_0,Cfap57:CFAP57,ALEELTVYYETK;EIGWAEEILVTK
Cnem146177-RA_True_0,ACAT2:phaA:phaA:phaA:Swol_1934:thlA:Acat2:Acat2:phaA:atoB,ILTTLLYALK;LHPTYNR;RVKEECDIR
Cnem012353-RA_True_0,Vps13c:VPS13C:Vps13:VPS13A:Vps13a:VPS13A:VPS13:vps13A:tipC:vps13D,DIMLFYFR;EDVTLTKRELK;IADAEWSDK;ITDFTEEIHR;ITLASSGLTK;PFVEVSLMTR;YVDTDEYITHVK
Cnem055161-RA_True_0,LTBP1:FBN1:FBN1:Fbn1:Ltbp1:Fbn2:FBN2:Ltbp3:FBLN2:Fbln1,GAYSPVLR;ISDSDPSR
Cnem135764-RA_True_0,NA,VIASDDINIEFK
Cnem137361-RA_True_0,UCH:Uchl3:UCHL3:UCHL3:Uchl4:UCHL3:Uchl3:Uch:uch1:Uchl1,TFLEMTSTLSPDER;TSPDTLLLDVAEVVK
Cnem068395-RA_True_0,ASS1:ass1:Ass1:Ass1:ASS1:ass1:ASS1:ass1:AGAP003015:AAEL004701,GGVYILGR
Cnem150136-RA_True_171,NA,VEDAAYIGLWR
Cnem033467-RA_True_30,Got2:got2a:got2:GOT2:GOT2:Got2:GOT2:GOT2:GOT2:GOT2,EYAGITGVPDFFNSAIK;LALGADSPVLK
Cnem001864-RA_True_0,pol:RTase:jockey\pol:X-element\ORF2:pol:R1A1-element\ORF2:#N/A:rnhA:#N/A:rnhA,AVDTIVAWADR
Cnem032625-RA_True_0,#N/A:PEPM:ppm:pphA:bcpB:fom1:bcpA:prpB1,GPVVLVPTMYYK;LKEPTDILDFLK;VEALIAGWGVDEALK;VEALIAGWGVDEALKR
Cnem170956-RA_True_1638,HSP90AB1:hsp90ab1:hsp90ab1:hsp90a.1:Hsp83:HSP90AB1:HSP90AB1:Hsp90ab1:HSP90AB1:HSP90AB1,DTATMGYMAAK
Cnem075985-RA_True_98,CCT5:CCT5:Cct5:Cct5:CCT5:cct-5:#N/A:cct5:#N/A:cct5,FEELTAEK;FESMVDLVK;WVGGPEIELIAIATGGR
Cnem136828-RA_True_0,LCT:LCTL:LCT:Lctl:Lct:LCT:Klb:Gba3:KLB:F26G,FSLSWPR;GYETGEHAPGLENPELVYR
Cnem045695-RA_True_0,SYT1:Syt1:SYT1:Syt1:Syt1:SYT1:SYT1:SYT5:SYT1:Syt5,ILTFAVYDFDR;MDVGGLSDPYVK;TLNPVFNETFTFK
Cnem075872-RA_True_1437,NA,DVLAIEPLK;LLEHALDSEPYIGLAK;TALENHVYYK
Cnem115654-RA_True_84,GALM:GALM:GALM:Galm:Galm:mro:GALM:galM:galM:LVIS_1908,IIDFGGVITEILVPDK
Cnem054130-RA_True_0,ATPsynD:ATP5PD:ATP5PD:Atp5pd:Atp5pd:atp7,AYEALSVPYPVDK;ISSSVVDWAR
Cnem110887-RA_True_0,XDH1:XDH:XDH:XDH:Xdh:ry:xdh:Xdh:ry:Xdh,AVGEPPISLSVGALLANK;DLFGVEDFMPTIAPFTVEK
Cnem126841-RA_True_85,NA,TIPDLTALAK
Cnem017690-RA_True_0,Cracr2a:CRACR2A:RASEF:rasef:Rasef:YPTV2:SEC4:RYL1:SEC4:Rab13,AMAALMLSEGIAIER;VVFVGDSGVGK
Cnem018542-RA_True_0,ME1:ME1:ME1:ME1:Me1:Me3:ME3:Me1:Me2:ME2,AIVVTDGER;ILGLGDLGAYGMGIPVGK;MVTEENLSEGR
Cnem014846-RA_True_174,dynlt5:Dynlt5-b:Dynlt5-a:DYNLT5:Dynlt5:Dynlt4:dynlt2b:DYNLT4:DYNLT4:DYNLT2,SSISGLSFGLR;SVLESYLGGEK
Cnem110500-RA_True_0,cyn-6:Ppib:Ppib:cyn-5:PPIB:PPIB:PPIB:CYP:PPIC:#N/A,DGDTVLAYK;IIIGLFGK
Cnem059717-RA_True_94,Psmb2:Psmb2:PSMB2:PSMB2:SPAC31A2.04c:PBD1:PBD2:Prosbeta4R2:PBD1:CPR1,DFVLLATDTISAR
Cnem082654-RA_True_0,Dlat:Dlat:DLAT:dlat-1:LAT1:pdhC:At1g54220:pdhC:At3g13930:pdhC,GLITPIVFSAEAK
Cnem097523-RA_True_0,ywlC,IDEGVITYFR;LGLGDSVGIVGTEK
Cnem069848-RA_True_25,RPS3A:rps3a:Rps3a:rps3a:Rps3a:rps3a:RPS3A:rps3a-b:RPS3A:rps3a-a,APSMFLVR;VVDPFSKK
Cnem020146-RA_True_0,IDI1:IDI1:Idi1:Idi1:IDI1:IDI1:IDI1:IDI1:IPI1:IPP2,DLIDTADSSGILVTPWFK
Cnem032847-RA_True_0,NA,VELDSVALLDADK
Cnem008169-RA_True_0,AM:gelsolin:AG8:GVQW3,DSNLALFGSDTEK
Cnem033321-RA_True_77,NA,LANLWYVSEPELK
Cnem140574-RA_True_67,Phb1:PHB1:PHB1:Phb1:phb-1:phbA:PHB1:phb1:PHB3:PHB4,AGEGLVELR;IYTNLGIDYDER
Cnem162858-RA_True_0,GPT2:Gpt2:gpt2:gpt2:gpt2l:GPT:Gpt:Gpt:GPT:GGAT1,GGYAEVINLLPEVR;SVMTLLLTAK;TTILPPVEELR
Cnem163593-RA_True_0,Ptbp2:PTBP2:Ptbp1:Ptbp1:PTBP1:PTBP1:Ptbp3:Ptbp3:PTBP1:PTBP3,SLFSEYGTVK
Cnem121516-RA_True_0,SYT9:Syt9:Syt9:snt-1:Syt6:Syt6:SYT6:SYT2:SYT10:SYT10,LSITLLNVR;VYLGLSVIGMDK
Cnem010966-RA_True_0,Nurf-38:IPP1:IPP1:IPP1:ppa1:IPP1:IPP1:IPP1:IPP1:ipp-1,VLAIDVSDPLADK
Cnem009564-RA_True_0,RpL30:RPL30:RPL30:RPL30:rpl30:RPL30:RPL30:RPL30:RPL30:RPL30B,SEIEYYAMLAK
Cnem047569-RA_True_628,GST1:gst-6:gst-4:#N/A:GstS1:GST1:GST2:#N/A:gst-9:#N/A,ESGTGYFVGK;EYESVILTPEDWK
Cnem135841-RA_True_317,slc25a25a:slc25a25b:SLC25A25:SLC25A25:slc25a25:Slc25a25:Slc25a25:Slc25a23:slc25a24:SLC25A23,VAPAVSISYVVYER
Cnem009859-RA_True_2,Elob:ELOB,SLSDYGYTSTVAR
Cnem061368-RA_True_0,Khdrbs3:KHDRBS3:Khdrbs3:khdrbs2:khdrbs2:Khdrbs1:Khdrbs1:KHDRBS1:KHDRBS2:Khdrbs2,LAMALVELK;LAMALVELKK
Cnem124515-RA_True_547,TEKT1:Tekt1:Tekt1:TEKT1:TEKT4:TEKT1:TEKT3:Tekt4:TEKT3:TEKT5,LIEEVHEIADSVAR
Cnem065303-RA_True_0,stan:FAT2:Celsr2:CELSR2:Fat2:CELSR3:Fat2:Celsr3:Celsr3:Fat4,ISEGMSAPSPLK;IVSSGGTIPLSLAEDVTIGAAVVK
Cnem092629-RA_True_0,EIF5A:EIF5A:eif5a:EIF5A2:eif5a.L:EIF5A2:EIF5AL1:EIF5A1:tif51b:tif51a,AMGEETPVGIK
Cnem039562-RA_True_0,ACLY:Acly:Acly:ACLY:ACLY:acly-1:B14D6.310:ACL1:SPBC1703.07:acly,DLISSLTSGLLTIGDR
Cnem069138-RA_True_17,Cd82:Cd82:CD82:TSPAN9:tspan9:TSPAN9:tspan9:Tspan1:Cd53:Tspan1,ALTGTEFYR
Cnem038036-RA_True_1896,NA,IEETATIVLDSTK;YLSEITSPEILR
Cnem022393-RA_True_0,#N/A:SERPINB10:SERPINB10:SERPINB10:SERPINB1:SERPINB6:SERPINB13:SERPINB10:SERPINB10:SERPINB6,DLFGPGVISDLTR;IRDLFGPGVISDLTR;MVLVNAIYFK
Cnem081606-RA_True_273,GSTO1:GSTO1:Gsto1:se:Gsto2:GSTO2:Gsto2:Gsto1:OpS6,LAEWLEAMSTVPAVK
Cnem012985-RA_True_0,TNXB:TNC:TNC:Tnc:TNC:TNR:Reln:TNR:Tnr:Tnr,VASTGPTASPATR
Cnem077783-RA_True_0,DNAH7:Dnah7:Dnah3:DNAH3:DNAH12:Dnah12:Dnah12:Dnah1:Dnah1:DNAH1,FESISESASK;LVDMNLEPFIPK
Cnem018959-RA_True_0,DCTN4:DCTN4:DCTN4:Dctn4:Dctn4,GLASFSSLSVK;VIWVILGCTRDTLIVDTPYCPNCLENMPPGEAK
Cnem010394-RA_True_127,CSNK1A1:CSNK1A1:CSNK1A1:Csnk1a1:kin-19:CSNK1A1L:CkIalpha:Csnk1e:CSNK1E:CSNK1E,FEEAPDYMYLR;VFIIDFGLAK
Cnem042169-RA_True_0,LAMA1:LAMA2:Lama2:Lama1:lam-3:LanA:epi-1:LAMA3:Lama5:Lama3,FELNPDMTSAAIIDK;INDFASLVVDSEK;LATAEGLLEK;LVPLLQSNILAK;SFAMEVDFAAFK;TFSPDAALLK
Cnem075494-RA_True_0,DYNC1LI2:DYNC1LI2:DYNC1LI2:Dync1li2:Dync1li2:DYNC1LI1:Dync1li1:Dync1li1:DYNC1LI1:dync1li1,ISILHENMTTMK;IYGFPFTSPALVVDK
Cnem012354-RA_True_0,VPS13C:Vps13c:VPS13A:Vps13a:VPS13A:Vps13:vps1301,DAYMVVSSK;LGVWEPIIEPVMDTSK
Cnem127931-RA_True_0,stl-1:STOML2:STOML2:Stoml2:Stoml2:SPBC16G5.07c:qmcA:qmcA:slr1128:MTH_692,AILDPGLNFILPVIDTIK;IALDTVFR
Cnem128184-RA_True_0,CCDC170,AGSYETVASR;ELHIELLR;ISLDLGLDLTMDALIAR;MLGLDINTLAIPDYEIITR
Cnem119669-RA_True_0,CFAP47:Cfap47,DTLGTLITVTFLPK
Cnem088734-RA_True_283,ASL:ASL:ASL:ASL:Asl:Asl:ASL2:argx:ASL2:arg7,FTGAVDPIMEK;WAEDLILYTSK
Cnem113815-RA_True_490,NOTCH3:SNED1:Notch3,ELEDMLTTIFK;SGTEVAGLVR
Cnem050662-RA_True_0,EFHC1:EFHC1:Efhc1:efhc2:EFHC2:EFHC2:Efhc2:EFHC2,FVITNADAFVLK
Cnem053368-RA_True_0,XDH1:XDH:Xdh:XDH:XDH2:Xdh:XDH:XDH:ry:Xdh,AVGEPPVGLAMGALLSIK;IAITDMFR
Cnem133476-RA_True_14,CRYZ:CRYZ:CRYZ:CRYZ:CRYZ:Cryz:CRYZ:Cryz:TP53I3:pynA,VFGTAGTEEGLK
Cnem050559-RA_True_0,PREP:PREP:Prep:Prep:PREP:#N/A:POPA:ophP:POPA:prep,ITEVWDYPK;LYYVDLESLTDISGILPYVK
Cnem073116-RA_True_0,ALDH2:ALDH2:ALDH2:ALDH2:Aldh2:ALDH2:ALDH2:Aldh2:ALDH1B1:Aldh1b1,DFVELATEK;ELGEYGIQAYTEVK;VTLELGGK
Cnem118053-RA_True_0,NDUFS1:NDUFS1:NDUFS1:NDUFS1:NDUFS1:NDUFS1:Ndufs1:NDUFS1:Ndufs1:ND-75,DFYMTDPISR;FASEVAGVDDLGTSGR;LVFLLGADAGTVK;SGVLEPADWESAFISVAEK
Cnem066601-RA_True_794,SODCP:SODCP:SODCP:CSD2:SODCP:SODCP.2:SODCP:SODCP:Sod3:SODCP,NSLSGYVLLR
Cnem111587-RA_True_0,DNAH5:Dnah5:Dnah5:DNAH8:Dnah8:ODA2:DHC1,VDDVIEPGLTMLTWTSVK
Cnem102846-RA_True_0,Vps13c:VPS13C:VPS13A:Vps13a:VPS13A:Vps13,AKYDEIK;VVEFEEETISSAAR
Cnem057039-RA_True_127,PSMD4:PSMD4:Psmd4:Rpn10:#N/A:PIPSL:RPN10:RPN10:rpn-10:psmD4,ARQEKEIR;IVVFVGSPIDIDEK
Cnem036162-RA_True_20,SPAG8:Spag8:SPAG8,ANIGRDPPIDR;GLLTIEDEAK
Cnem091701-RA_True_0,AAEL003161:adss2:CPIJ003725:adss1c:ADSS1:Adss2:ADSS2:adss1b:adss1:GF17012,LDILDVFEEIK;TIESYTGVPVR
Cnem027260-RA_True_0,rpl8:rpl8:rpl8:RPL8:RPL8:RpL8:RpL8:rpl8:RpL8:RpL8,AMIGIVAGGGR
Cnem017180-RA_True_0,Hex-t2:#N/A:Hk1:Gck:Hkdc1:Gck:HK2:Hk2:HK2:Hk1,GAALVAAVADR;MISGMYMGEIAR
Cnem079304-RA_True_0,AFT9-1:pks12:anuA:eryA:pks5:eryA:ppsA:ppsA:acrA:drtA,EPVLFLDAVR;IVFVFSGMGTDWPGMGR;VFLSAASFK
Cnem020062-RA_True_0,#N/A:OLE3:S100g:#N/A,AGLDKVDPIFVGK;ITSAEQEAYFLGYDSNK
Cnem017643-RA_True_168,Idh1:Idh1:IDH1:IDH1:IDH1:IDH1:IDH1:IDH1:#N/A:IDH2,ATDFVVPGPGR;ETSTNPIASIFAWTR
Cnem097580-RA_True_0,GIMAP4:IAN7:Gimap4:GIMAP7:IAN8:Gimap9:GIMAP5:IAN10:Gimap4:IAN12,VGLLAADLLTLK
Cnem011853-RA_True_0,NDUFS3:ND-30:NDUFS3:NDUFS3:NDUFS3:NDUFS3:Ndufs3:ALI1:nuo-31:NAD9,DFPLSGFVEVR
Cnem070225-RA_True_0,AHCYL2:Ahcyl2:AhcyL1:AHCYL2:AHCYL2:AHCYL1:Ahcyl1:AhcyL2:ahcY:ahcY,GIVEESVTGVHR;TPELTWEK
Cnem162329-RA_True_0,Cabcoco1:CABCOCO1:Cfap119:CFAP119:Cfap119,DFSVEVPVPDGVLFPK
Cnem122948-RA_True_0,ARL3:arl3:arl3:ARL3:ARL3:ARL3:Arl3:Arl3:ARL3:ARL3,ILLLGLDNAGK;LAGVPVLIFANK
Cnem047864-RA_True_0,RAB14:Rab14:rab14:rab4b:RAB4B:Rab4b:YPTV4:YPTC4:RAB2B:RAB2A,AVTRSYYR;GAAGALMVYDITR;LQIWDTAGQER
Cnem061501-RA_True_0,Col6a5:COL6A5:Col6a6:COL6A6:Col6a4:COL6A3:cut-6:vwa2:COL14A1:Col12a1,DSGITIAVVGVGR;NFEFVGNLVR;VALWTYGTSVK
Cnem129994-RA_True_0,AAO2:AO1:AAO3:AO2:AAO4:AAO1:hxA:xdh:Os10g0138100:XDH,METYKYLGTIFNCSNIIR;VDIYDFATSK
Cnem102197-RA_True_287,COPA:Copa:COPA:Os09g0127800:Os03g0711400:Os03g0711500:At2g21390:At1g62020:copa:SPBPJ4664.04,SSGLTAVWVAR;TLDLPIYITR
Cnem111586-RA_True_0,DNAH5:Dnah5:Dnah5:DNAH8:Dnah8:ODA2:DNAH10:DHC1:DNAH2:Dnah2,LAAVGFIDNIVLAR;SPTDFEWLK;TQMEEIFR
Cnem046224-RA_True_0,RpS8:RpS8:RPS8:rps8:rps8:rps8:rps-8:RpS8:RPS8A:RPS8,SSIIQIDSTPFR
Cnem081585-RA_True_0,SERCA:ATP2A2:SERCA:ATP2A1:ATP2A1:Atp2a1:Atp2a1:ATP2A1:ATP2A1:Atp2a2,VGESTETALTVLVEK
Cnem111968-RA_True_53,NA,GLLAVVYVK;LLTTGTSTIGVAPNSVSIEGYEIDVSGGVTR;VALTTGKDPVPVIR
Cnem016918-RA_True_0,jockey\pol:RTase:mtpn:MTPN:Mtpn:MTPN:mtpn:mtpn:mtpn:#N/A,YGISPLLSAIFEGHTASVK
Cnem141135-RA_True_0,Eml6:EML6:EML5:Eml5:Eml5:EMAP:EMAP:EML2:Eml2:EML1,SGEFLVLTTTGLK;SVAFSPDGELIAVGLK
Cnem014443-RA_True_0,Os01g0681900:GLT1:Os05g0555600:glt1:#N/A:GLT1:gltB:gltB:gltA:gltB,AGPDYVPVSSLLSIGAVHYYLVEEK;ALLTFTDGR
Cnem018633-RA_True_110,Ppp2r2a:ppp2r2d:PPP2R2A:PPP2R2D:Ppp2r2d:ppp2r2d:PPP2R2D:Ppp2r2d:ppp2r2d:tws,SFFSEIISSISDVK
Cnem057216-RA_True_79,cpras1:cpras2:RAS-2:rasG:RAS1:rasD:ras1:rasS:rasA:ras-1,IVMLGSGAVGK;LIAQNEIIAYAVSVR;TADGFVIIYSITDR;TAVFPIFR;TGDGVTEAMTGLIK
Cnem093780-RA_True_0,COPB2:COPB2:COPB2:Copb2:COPB2:Copb2:beta'COP:copb-2:At1g79990:At1g52360,FSAEAVETAK;SVSGLAFYDWETTELVR
Cnem133687-RA_True_215,SPTAN1:Sptan1:Sptan1:SPTAN1:alpha-Spec:Spta1:SPTA1:beta-Spec:Sptbn1:SPTBN1,DLSSVQTFLTK;TDVVDSWIADK
Cnem060660-RA_True_65,CAMK4:Camk4:Camk4:CaMKI:Camk1:Camk1:CAMK1:cmk-1:CAMK1D:Camk1d,LTTDAVMAIAGATK
Cnem146266-RA_True_0,Galk2:GALK2:Galk2:GALK2:galK:GAL1:GAL1:GAL1:GAL1:gal1,ALVDGTIPR;MARNAEEEENSIIIIIIIIIIIIIIIIIIIIIK
Cnem079312-RA_True_0,ppsC:phiA:tstA:thnA:eryA:pks15/1:cdmE:pks5:pks12:mas,LPAVVLVSGDVTAR;VFLSAASFK
Cnem107637-RA_True_42,drc1:Drc1:Drc1:DRC1:DRC1:DRC1:drc1:DRC1:CG10958:DRC2,LDSIFGALGLETEDDILK
Cnem152051-RA_True_229,lipN:are:estZ:lipI:SPAC1039.03:nlhH:CXE17:est:GID1A:AADACL2,DFTPLPPTLLLIAEVDPLK
Cnem062073-RA_True_0,STIP1:STIP1:STIP1:STIP1:Stip1:Stip1:stip1:sti-1:HOP:HOP3,ALMLESEDPEAVK
Cnem055024-RA_True_0,NA,TAGIAFTSPFSDELAK;YFPVTLGETK
Cnem018908-RA_True_0,Pak2:Pak2:PAK2:Pak3:Pak1:PAK1:PAK2:PAK1:Pak1:PAK3,AVSDGMAELR
Cnem118360-RA_True_0,MYO1D:MYO1D:MYO1D:Myo1d:Myo1d:myo1d:myo1d:Myo31DF:MYO1G:MYO1G,IPSIVVFLQK;VIINSMGFSDDVK;VMAGDILVGK
Cnem068360-RA_True_163,FAM47C:TCNA:NEFH,AIAPTTGEYIEK;SRSPVSALEER
Cnem096513-RA_True_0,DYH1B:DYNC2H1:Dync2h1:Dync2h1:DHC1B:che-3:Dnah2:DHC10:DNAH2:dhcA,FYEFSTSDLR;LESTLLEELASAK;TYESWTPEYIAR
Cnem042571-RA_True_0,COPB1:Copb1:Copb1:copb1:COPB1:COPB1:COPB1:COPB1:betaCOP:betaCOP,TLNLALDLVTSR;YEAAGTLVTLSSAPTAIK
Cnem040201-RA_True_0,DNAH7:Dnah7:DNAH3:Dnah3:Dnah1:Dnah1:DNAH1:DNAH6:ODA4:DHC1,VIEVESADVEK
Cnem025414-RA_True_0,Pfas:PFAS:Pfas:purL:At1g74260:pfas-1:purL:purL:purL:purL,FGEPVLAGFAR;LTVEPTLHR
Cnem137691-RA_True_0,Stxbp1:STXBP1:unc-18:Rop:STXBP2:STXBP2:Stxbp2:Stxbp2:STXBP3:Stxbp3,EPLPLLEAIYLITPVDK
Cnem025666-RA_True_0,Reln:Reln:RELN:RELN:TNC:pol:F52C9.6:Tnc:TNC:TNN,EVVTSSLDLR;TPTFVSMK
Cnem084524-RA_True_26,KIF16B:Kif16b:Klp98A:STARD9:Stard9:unc-104:unc-104:unc-104:unc-104:unc-104,AAEVEALHLAR;LEIMELENK
Cnem019928-RA_True_0,MYO15A:Myo15a:MYO15B:ck:ck:ck:MYO7B:Myo7b:Myo7a:MYO7A,ETASDVAYLGAVLLK
Cnem048665-RA_True_0,ANXA6:ANXA6:ANXA6:Anxa6:Anxa6:ANXA4:ANXA4:ANXA4:Anxa4:ANXA7,DIEDVLTSEFSGDILSGLK;FLAILVAR;GLGTDDDTLVR;GLGTEEESLINVLAYR;MLLTLIGEPPSK;SLEADIIGDTSGHFK
Cnem141200-RA_True_0,DARS1:Dars1:Dars1:DARS1:DARS1:dars-1:DPS1:aspS1:dps1:At4g26870,AKYDTDFFILDK;IIPAASEGGANVFEVTYFK
Cnem002466-RA_True_0,At5g03250:At1g30440:DOT3:RPT3:At5g13600:NPY3:RPT2:At3g08660:At3g08570:SR1IP1,EGSLTVEAFR;GISFDELGNLAVK;TGTLTEVESR
Cnem001250-RA_True_0,DNAH10:DHC1:Dnah2:DNAH2:DNAH6:DHC10:#N/A:DNAH9:#N/A:DNAH17,FYEILVPTVDTVR;GHALLVGVGGSGK
Cnem105917-RA_True_0,Hydin:HYDIN,SVELLVSAVSDFAK
Cnem010371-RA_True_0,lap-2:pepA:pepA:pepA:pepA:pepA:pepA:pepA:pepA:pepA,GITYDTGGADIK
Cnem010553-RA_True_0,BXL5:BXL2:Xyl1:Xyl2:BXL6:BXL7:BXL1:BXL3:BXL4:xyl3A,SVVTGADLVFVLLGTGMGIEGEGR
Cnem020064-RA_True_0,#N/A:#N/A:Slc25a24:lpcat2:SLC25A24:SLC25A24:CML26:slc25a24:CML18:slc25a24-b,VNKTDLDAAFK
Cnem031494-RA_True_0,ADSL:ADSL:ADSL:ADSL:Adsl:ADE13:ade8:adsl-1:adsl-1:RTase,FITLEVDPVLSK
Cnem033925-RA_True_0,#N/A:KLC1:Klc1:KLC1:klc-2:Klc:#N/A:Klc1:Klc2:KLC2,ALEIYEEK
Cnem034267-RA_True_0,ATPsyngamma:ATP5F1C:ATP5F1C:ATP5F1C:ATP5F1C:Atp5f1c:Atp5f1c:ATP3:ATP3:ATP3,ELIEIISGAAAL
Cnem039315-RA_True_2,tekt4:Tekt4:TEKT4:Tekt4:TEKT4:TEKT1:TEKT3:TEKT3:Tekt3:Tekt1,LGVDLVQDDVEISLLK
Cnem040199-RA_True_0,Dnah12:DNAH12:Dnah12:DNAH7:Dnah7:Dnah3:DNAH3:Dnah2:DNAH2:DNAH6,LWLTSYPSPK
Cnem050660-RA_True_51,eef1a:EEF1A2:Eef1a2:eef1ao:eef1as:#N/A:eft-3:EEF1A1:Eef1a1:EEF1A,EHALLAYTLGVK;IGGIGTVPVGR;LPLQDVYK;PGMVVTFAPSNVTTEVK;PLRLPLQDVYK;STTTGHLIYK
Cnem060768-RA_True_0,GART:GART:Gart:Gart:GART:GART:ade3:PUR25:ADE1:purD,VFGSAGEVVVVEELLK
Cnem063961-RA_True_0,#N/A:#N/A,SADPESLVSVGVWNPR;YHYEDALR
Cnem075841-RA_True_0,TOLLIP:tollip-b:tollip-a:tollip:tollip:tollip:TOLLIP:tollipb:Tollip:tollip,GGSVDDWFPLSGK;TVVTNVPAGVDSIYVELFDER
Cnem080062-RA_True_0,ck:ck:ck:MYO7A:Myo7a:hum-6:hum-6:MYO7B:Myo7b:MYO15A,SAEGFSLFVK
Cnem081324-RA_True_0,SPEF2:Spef2:SPEF2:Spef2,LAAIETDIFR
Cnem096679-RA_True_98,Nucb2:Nucb2:NUCB1:NUCB1:NUCB2:Nucb1:NUCB1:Nucb1,IALSEFLEYTGK
Cnem101400-RA_True_0,PACRG:Pacrg:PACRG:PACRGL:Pacrgl,ILPVIPQLIIPIK
Cnem110002-RA_True_0,GBA3:LCT:GBA3:Gba3:#N/A:LCT:LCT:Lct:Kl:BGLU30,GVVGIDLAPLLSLPR
Cnem112200-RA_True_262,ENPP5:Enpp5:Enpp5:ENPP3:ENPP3:enpp4:#N/A:ENPP3:Enpp3:enpp4,VVLVSMDGFR
Cnem119670-RA_True_0,Cfap47:CFAP47:Hydin:HYDIN:cheD,DVYSLTFAPTK;SLEVALTGEYSK
Cnem147044-RA_True_0,#N/A:Mp20:Cnn3:Cnn3:Tagln2:CNN1:Cnn1:CNN1:Cnn1:CNN1,YDVNLEQEAR
Cnem151826-RA_True_0,Gs2:#N/A:Glul:GLUL:Glul:GLUL:GLUL:glul:GLUL:GLUL,DVVEAHYR
Cnem157071-RA_True_0,ACHE:BCHE:BCHE:BCHE:BCHE:BCHE:BCHE:Bche:ACHE:ache,DVTALAPWAGATLAIETPFVFGTTSR
Cnem001276-RA_True_0,NA,DAESAGALAADLGITVFSPVADSMDLTVK;ENLVAYVGPYTNK
Cnem041684-RA_True_0,NA,EITPPSHSVGAEYVSEPR
Cnem116988-RA_True_0,NA,ADILTGLIK;TLVGLIGSLTK;TVVSLVSSIVK
Cnem148399-RA_True_67,NA,ESLVVYLFESTDAATR
Cnem158616-RA_True_0,NA,IADVYLGVLSSFYTGVTSAELKK
